-- phpMyAdmin SQL Dump
-- version 4.9.2
-- https://www.phpmyadmin.net/
--
-- Host: 127.0.0.1:3306
-- Generation Time: May 18, 2020 at 06:13 PM
-- Server version: 8.0.18
-- PHP Version: 7.3.12

SET SQL_MODE = "NO_AUTO_VALUE_ON_ZERO";
SET AUTOCOMMIT = 0;
START TRANSACTION;
SET time_zone = "+00:00";


/*!40101 SET @OLD_CHARACTER_SET_CLIENT=@@CHARACTER_SET_CLIENT */;
/*!40101 SET @OLD_CHARACTER_SET_RESULTS=@@CHARACTER_SET_RESULTS */;
/*!40101 SET @OLD_COLLATION_CONNECTION=@@COLLATION_CONNECTION */;
/*!40101 SET NAMES utf8mb4 */;

--
-- Database: `edt`
--

-- --------------------------------------------------------

--
-- Table structure for table `cours`
--

DROP TABLE IF EXISTS `cours`;
CREATE TABLE IF NOT EXISTS `cours` (
  `ID` int(11) NOT NULL AUTO_INCREMENT,
  `Nom` tinytext NOT NULL,
  PRIMARY KEY (`ID`)
) ENGINE=MyISAM AUTO_INCREMENT=32 DEFAULT CHARSET=latin1;

--
-- Dumping data for table `cours`
--

INSERT INTO `cours` (`ID`, `Nom`) VALUES
(1, 'Probabilités et statistiques'),
(2, 'Thermodynamique'),
(5, 'Anglais'),
(6, 'Allemand'),
(7, 'Espagnol'),
(8, 'Japonais'),
(9, 'Coréen'),
(10, 'Chinois'),
(11, 'Arabe'),
(12, 'Electrostatique'),
(13, 'Magnétostatique'),
(14, 'Electromagnétique'),
(15, 'Initiation réseau'),
(16, 'Apprendre à apprendre'),
(17, 'Droit du travail'),
(18, 'Anthropologie'),
(19, 'Analyse de Fourier'),
(20, 'Traitement du signal'),
(21, 'POO Java'),
(22, 'Programmation C++'),
(23, 'Programmation C'),
(24, 'Optique'),
(25, 'Mécanique'),
(26, 'Web dynamique'),
(27, 'Electronique'),
(28, 'PPE'),
(29, 'VPE'),
(30, 'Développement durable'),
(31, 'Géopolitique');

-- --------------------------------------------------------

--
-- Table structure for table `enseignant`
--

DROP TABLE IF EXISTS `enseignant`;
CREATE TABLE IF NOT EXISTS `enseignant` (
  `ID_Utilisateur` int(11) NOT NULL,
  `ID_Cours` int(11) NOT NULL,
  KEY `ID_Utilisateur` (`ID_Utilisateur`),
  KEY `ID_Cours` (`ID_Cours`)
) ENGINE=MyISAM DEFAULT CHARSET=latin1;

--
-- Dumping data for table `enseignant`
--

INSERT INTO `enseignant` (`ID_Utilisateur`, `ID_Cours`) VALUES
(3273, 15),
(3274, 17),
(3275, 13),
(3276, 18),
(3277, 16),
(3278, 18),
(3279, 7),
(3280, 20),
(3281, 10),
(3282, 18),
(3283, 1),
(3284, 10),
(3285, 12),
(3286, 6),
(3287, 8),
(3288, 6),
(3289, 26),
(3290, 24),
(3291, 2),
(3292, 23),
(3293, 27),
(3294, 11),
(3295, 25),
(3296, 18),
(3297, 15),
(3298, 20),
(3299, 6),
(3300, 22),
(3301, 9),
(3302, 27),
(3303, 11),
(3304, 1),
(3305, 13),
(3306, 19),
(3307, 10),
(3308, 26),
(3309, 16),
(3310, 8),
(3311, 2),
(3312, 24),
(3313, 19),
(3314, 24),
(3315, 6),
(3316, 1),
(3317, 5),
(3318, 26),
(3319, 11),
(3320, 22),
(3321, 16),
(3322, 12),
(3323, 14),
(3324, 25),
(3325, 9),
(3326, 16),
(3327, 6),
(3328, 13),
(3329, 11),
(3330, 18),
(3331, 26),
(3332, 1);

-- --------------------------------------------------------

--
-- Table structure for table `etudiant`
--

DROP TABLE IF EXISTS `etudiant`;
CREATE TABLE IF NOT EXISTS `etudiant` (
  `ID_Utilisateur` int(11) NOT NULL,
  `Numero` int(11) NOT NULL,
  `ID_Groupe` int(11) NOT NULL,
  KEY `ID_Utilisateur` (`ID_Utilisateur`),
  KEY `ID_Groupe` (`ID_Groupe`)
) ENGINE=MyISAM DEFAULT CHARSET=latin1;

--
-- Dumping data for table `etudiant`
--

INSERT INTO `etudiant` (`ID_Utilisateur`, `Numero`, `ID_Groupe`) VALUES
(1703, 1, 1),
(1704, 2, 2),
(1705, 3, 3),
(1706, 4, 4),
(1707, 5, 5),
(1708, 6, 6),
(1709, 7, 7),
(1710, 8, 8),
(1711, 9, 9),
(1712, 10, 10),
(1713, 11, 11),
(1714, 12, 12),
(1715, 13, 13),
(1716, 14, 14),
(1717, 15, 15),
(1718, 16, 16),
(1719, 17, 17),
(1720, 18, 18),
(1721, 19, 19),
(1722, 20, 20),
(1723, 21, 21),
(1724, 22, 22),
(1725, 23, 23),
(1726, 24, 24),
(1727, 25, 25),
(1728, 26, 26),
(1729, 27, 27),
(1730, 28, 28),
(1731, 29, 29),
(1732, 30, 30),
(1733, 31, 31),
(1734, 32, 32),
(1735, 33, 33),
(1736, 34, 34),
(1737, 35, 35),
(1738, 36, 36),
(1739, 37, 37),
(1740, 38, 38),
(1741, 39, 39),
(1742, 40, 40),
(1743, 41, 41),
(1744, 42, 42),
(1745, 43, 43),
(1746, 44, 44),
(1747, 45, 45),
(1748, 46, 46),
(1749, 47, 47),
(1750, 48, 48),
(1751, 49, 49),
(1752, 50, 50),
(1753, 51, 51),
(1754, 52, 52),
(1755, 53, 53),
(1756, 54, 54),
(1757, 55, 55),
(1758, 56, 1),
(1759, 57, 2),
(1760, 58, 3),
(1761, 59, 4),
(1762, 60, 5),
(1763, 61, 6),
(1764, 62, 7),
(1765, 63, 8),
(1766, 64, 9),
(1767, 65, 10),
(1768, 66, 11),
(1769, 67, 12),
(1770, 68, 13),
(1771, 69, 14),
(1772, 70, 15),
(1773, 71, 16),
(1774, 72, 17),
(1775, 73, 18),
(1776, 74, 19),
(1777, 75, 20),
(1778, 76, 21),
(1779, 77, 22),
(1780, 78, 23),
(1781, 79, 24),
(1782, 80, 25),
(1783, 81, 26),
(1784, 82, 27),
(1785, 83, 28),
(1786, 84, 29),
(1787, 85, 30),
(1788, 86, 31),
(1789, 87, 32),
(1790, 88, 33),
(1791, 89, 34),
(1792, 90, 35),
(1793, 91, 36),
(1794, 92, 37),
(1795, 93, 38),
(1796, 94, 39),
(1797, 95, 40),
(1798, 96, 41),
(1799, 97, 42),
(1800, 98, 43),
(1801, 99, 44),
(1802, 100, 45),
(1803, 101, 46),
(1804, 102, 47),
(1805, 103, 48),
(1806, 104, 49),
(1807, 105, 50),
(1808, 106, 51),
(1809, 107, 52),
(1810, 108, 53),
(1811, 109, 54),
(1812, 110, 55),
(1813, 111, 1),
(1814, 112, 2),
(1815, 113, 3),
(1816, 114, 4),
(1817, 115, 5),
(1818, 116, 6),
(1819, 117, 7),
(1820, 118, 8),
(1821, 119, 9),
(1822, 120, 10),
(1823, 121, 11),
(1824, 122, 12),
(1825, 123, 13),
(1826, 124, 14),
(1827, 125, 15),
(1828, 126, 16),
(1829, 127, 17),
(1830, 128, 18),
(1831, 129, 19),
(1832, 130, 20),
(1833, 131, 21),
(1834, 132, 22),
(1835, 133, 23),
(1836, 134, 24),
(1837, 135, 25),
(1838, 136, 26),
(1839, 137, 27),
(1840, 138, 28),
(1841, 139, 29),
(1842, 140, 30),
(1843, 141, 31),
(1844, 142, 32),
(1845, 143, 33),
(1846, 144, 34),
(1847, 145, 35),
(1848, 146, 36),
(1849, 147, 37),
(1850, 148, 38),
(1851, 149, 39),
(1852, 150, 40),
(1853, 151, 41),
(1854, 152, 42),
(1855, 153, 43),
(1856, 154, 44),
(1857, 155, 45),
(1858, 156, 46),
(1859, 157, 47),
(1860, 158, 48),
(1861, 159, 49),
(1862, 160, 50),
(1863, 161, 51),
(1864, 162, 52),
(1865, 163, 53),
(1866, 164, 54),
(1867, 165, 55),
(1868, 166, 1),
(1869, 167, 2),
(1870, 168, 3),
(1871, 169, 4),
(1872, 170, 5),
(1873, 171, 6),
(1874, 172, 7),
(1875, 173, 8),
(1876, 174, 9),
(1877, 175, 10),
(1878, 176, 11),
(1879, 177, 12),
(1880, 178, 13),
(1881, 179, 14),
(1882, 180, 15),
(1883, 181, 16),
(1884, 182, 17),
(1885, 183, 18),
(1886, 184, 19),
(1887, 185, 20),
(1888, 186, 21),
(1889, 187, 22),
(1890, 188, 23),
(1891, 189, 24),
(1892, 190, 25),
(1893, 191, 26),
(1894, 192, 27),
(1895, 193, 28),
(1896, 194, 29),
(1897, 195, 30),
(1898, 196, 31),
(1899, 197, 32),
(1900, 198, 33),
(1901, 199, 34),
(1902, 200, 35),
(1903, 201, 36),
(1904, 202, 37),
(1905, 203, 38),
(1906, 204, 39),
(1907, 205, 40),
(1908, 206, 41),
(1909, 207, 42),
(1910, 208, 43),
(1911, 209, 44),
(1912, 210, 45),
(1913, 211, 46),
(1914, 212, 47),
(1915, 213, 48),
(1916, 214, 49),
(1917, 215, 50),
(1918, 216, 51),
(1919, 217, 52),
(1920, 218, 53),
(1921, 219, 54),
(1922, 220, 55),
(1923, 221, 1),
(1924, 222, 2),
(1925, 223, 3),
(1926, 224, 4),
(1927, 225, 5),
(1928, 226, 6),
(1929, 227, 7),
(1930, 228, 8),
(1931, 229, 9),
(1932, 230, 10),
(1933, 231, 11),
(1934, 232, 12),
(1935, 233, 13),
(1936, 234, 14),
(1937, 235, 15),
(1938, 236, 16),
(1939, 237, 17),
(1940, 238, 18),
(1941, 239, 19),
(1942, 240, 20),
(1943, 241, 21),
(1944, 242, 22),
(1945, 243, 23),
(1946, 244, 24),
(1947, 245, 25),
(1948, 246, 26),
(1949, 247, 27),
(1950, 248, 28),
(1951, 249, 29),
(1952, 250, 30),
(1953, 251, 31),
(1954, 252, 32),
(1955, 253, 33),
(1956, 254, 34),
(1957, 255, 35),
(1958, 256, 36),
(1959, 257, 37),
(1960, 258, 38),
(1961, 259, 39),
(1962, 260, 40),
(1963, 261, 41),
(1964, 262, 42),
(1965, 263, 43),
(1966, 264, 44),
(1967, 265, 45),
(1968, 266, 46),
(1969, 267, 47),
(1970, 268, 48),
(1971, 269, 49),
(1972, 270, 50),
(1973, 271, 51),
(1974, 272, 52),
(1975, 273, 53),
(1976, 274, 54),
(1977, 275, 55),
(1978, 276, 1),
(1979, 277, 2),
(1980, 278, 3),
(1981, 279, 4),
(1982, 280, 5),
(1983, 281, 6),
(1984, 282, 7),
(1985, 283, 8),
(1986, 284, 9),
(1987, 285, 10),
(1988, 286, 11),
(1989, 287, 12),
(1990, 288, 13),
(1991, 289, 14),
(1992, 290, 15),
(1993, 291, 16),
(1994, 292, 17),
(1995, 293, 18),
(1996, 294, 19),
(1997, 295, 20),
(1998, 296, 21),
(1999, 297, 22),
(2000, 298, 23),
(2001, 299, 24),
(2002, 300, 25),
(2003, 301, 26),
(2004, 302, 27),
(2005, 303, 28),
(2006, 304, 29),
(2007, 305, 30),
(2008, 306, 31),
(2009, 307, 32),
(2010, 308, 33),
(2011, 309, 34),
(2012, 310, 35),
(2013, 311, 36),
(2014, 312, 37),
(2015, 313, 38),
(2016, 314, 39),
(2017, 315, 40),
(2018, 316, 41),
(2019, 317, 42),
(2020, 318, 43),
(2021, 319, 44),
(2022, 320, 45),
(2023, 321, 46),
(2024, 322, 47),
(2025, 323, 48),
(2026, 324, 49),
(2027, 325, 50),
(2028, 326, 51),
(2029, 327, 52),
(2030, 328, 53),
(2031, 329, 54),
(2032, 330, 55),
(2033, 331, 1),
(2034, 332, 2),
(2035, 333, 3),
(2036, 334, 4),
(2037, 335, 5),
(2038, 336, 6),
(2039, 337, 7),
(2040, 338, 8),
(2041, 339, 9),
(2042, 340, 10),
(2043, 341, 11),
(2044, 342, 12),
(2045, 343, 13),
(2046, 344, 14),
(2047, 345, 15),
(2048, 346, 16),
(2049, 347, 17),
(2050, 348, 18),
(2051, 349, 19),
(2052, 350, 20),
(2053, 351, 21),
(2054, 352, 22),
(2055, 353, 23),
(2056, 354, 24),
(2057, 355, 25),
(2058, 356, 26),
(2059, 357, 27),
(2060, 358, 28),
(2061, 359, 29),
(2062, 360, 30),
(2063, 361, 31),
(2064, 362, 32),
(2065, 363, 33),
(2066, 364, 34),
(2067, 365, 35),
(2068, 366, 36),
(2069, 367, 37),
(2070, 368, 38),
(2071, 369, 39),
(2072, 370, 40),
(2073, 371, 41),
(2074, 372, 42),
(2075, 373, 43),
(2076, 374, 44),
(2077, 375, 45),
(2078, 376, 46),
(2079, 377, 47),
(2080, 378, 48),
(2081, 379, 49),
(2082, 380, 50),
(2083, 381, 51),
(2084, 382, 52),
(2085, 383, 53),
(2086, 384, 54),
(2087, 385, 55),
(2088, 386, 1),
(2089, 387, 2),
(2090, 388, 3),
(2091, 389, 4),
(2092, 390, 5),
(2093, 391, 6),
(2094, 392, 7),
(2095, 393, 8),
(2096, 394, 9),
(2097, 395, 10),
(2098, 396, 11),
(2099, 397, 12),
(2100, 398, 13),
(2101, 399, 14),
(2102, 400, 15),
(2103, 401, 16),
(2104, 402, 17),
(2105, 403, 18),
(2106, 404, 19),
(2107, 405, 20),
(2108, 406, 21),
(2109, 407, 22),
(2110, 408, 23),
(2111, 409, 24),
(2112, 410, 25),
(2113, 411, 26),
(2114, 412, 27),
(2115, 413, 28),
(2116, 414, 29),
(2117, 415, 30),
(2118, 416, 31),
(2119, 417, 32),
(2120, 418, 33),
(2121, 419, 34),
(2122, 420, 35),
(2123, 421, 36),
(2124, 422, 37),
(2125, 423, 38),
(2126, 424, 39),
(2127, 425, 40),
(2128, 426, 41),
(2129, 427, 42),
(2130, 428, 43),
(2131, 429, 44),
(2132, 430, 45),
(2133, 431, 46),
(2134, 432, 47),
(2135, 433, 48),
(2136, 434, 49),
(2137, 435, 50),
(2138, 436, 51),
(2139, 437, 52),
(2140, 438, 53),
(2141, 439, 54),
(2142, 440, 55),
(2143, 441, 1),
(2144, 442, 2),
(2145, 443, 3),
(2146, 444, 4),
(2147, 445, 5),
(2148, 446, 6),
(2149, 447, 7),
(2150, 448, 8),
(2151, 449, 9),
(2152, 450, 10),
(2153, 451, 11),
(2154, 452, 12),
(2155, 453, 13),
(2156, 454, 14),
(2157, 455, 15),
(2158, 456, 16),
(2159, 457, 17),
(2160, 458, 18),
(2161, 459, 19),
(2162, 460, 20),
(2163, 461, 21),
(2164, 462, 22),
(2165, 463, 23),
(2166, 464, 24),
(2167, 465, 25),
(2168, 466, 26),
(2169, 467, 27),
(2170, 468, 28),
(2171, 469, 29),
(2172, 470, 30),
(2173, 471, 31),
(2174, 472, 32),
(2175, 473, 33),
(2176, 474, 34),
(2177, 475, 35),
(2178, 476, 36),
(2179, 477, 37),
(2180, 478, 38),
(2181, 479, 39),
(2182, 480, 40),
(2183, 481, 41),
(2184, 482, 42),
(2185, 483, 43),
(2186, 484, 44),
(2187, 485, 45),
(2188, 486, 46),
(2189, 487, 47),
(2190, 488, 48),
(2191, 489, 49),
(2192, 490, 50),
(2193, 491, 51),
(2194, 492, 52),
(2195, 493, 53),
(2196, 494, 54),
(2197, 495, 55),
(2198, 496, 1),
(2199, 497, 2),
(2200, 498, 3),
(2201, 499, 4),
(2202, 500, 5),
(2203, 501, 6),
(2204, 502, 7),
(2205, 503, 8),
(2206, 504, 9),
(2207, 505, 10),
(2208, 506, 11),
(2209, 507, 12),
(2210, 508, 13),
(2211, 509, 14),
(2212, 510, 15),
(2213, 511, 16),
(2214, 512, 17),
(2215, 513, 18),
(2216, 514, 19),
(2217, 515, 20),
(2218, 516, 21),
(2219, 517, 22),
(2220, 518, 23),
(2221, 519, 24),
(2222, 520, 25),
(2223, 521, 26),
(2224, 522, 27),
(2225, 523, 28),
(2226, 524, 29),
(2227, 525, 30),
(2228, 526, 31),
(2229, 527, 32),
(2230, 528, 33),
(2231, 529, 34),
(2232, 530, 35),
(2233, 531, 36),
(2234, 532, 37),
(2235, 533, 38),
(2236, 534, 39),
(2237, 535, 40),
(2238, 536, 41),
(2239, 537, 42),
(2240, 538, 43),
(2241, 539, 44),
(2242, 540, 45),
(2243, 541, 46),
(2244, 542, 47),
(2245, 543, 48),
(2246, 544, 49),
(2247, 545, 50),
(2248, 546, 51),
(2249, 547, 52),
(2250, 548, 53),
(2251, 549, 54),
(2252, 550, 55),
(2253, 551, 1),
(2254, 552, 2),
(2255, 553, 3),
(2256, 554, 4),
(2257, 555, 5),
(2258, 556, 6),
(2259, 557, 7),
(2260, 558, 8),
(2261, 559, 9),
(2262, 560, 10),
(2263, 561, 11),
(2264, 562, 12),
(2265, 563, 13),
(2266, 564, 14),
(2267, 565, 15),
(2268, 566, 16),
(2269, 567, 17),
(2270, 568, 18),
(2271, 569, 19),
(2272, 570, 20),
(2273, 571, 21),
(2274, 572, 22),
(2275, 573, 23),
(2276, 574, 24),
(2277, 575, 25),
(2278, 576, 26),
(2279, 577, 27),
(2280, 578, 28),
(2281, 579, 29),
(2282, 580, 30),
(2283, 581, 31),
(2284, 582, 32),
(2285, 583, 33),
(2286, 584, 34),
(2287, 585, 35),
(2288, 586, 36),
(2289, 587, 37),
(2290, 588, 38),
(2291, 589, 39),
(2292, 590, 40),
(2293, 591, 41),
(2294, 592, 42),
(2295, 593, 43),
(2296, 594, 44),
(2297, 595, 45),
(2298, 596, 46),
(2299, 597, 47),
(2300, 598, 48),
(2301, 599, 49),
(2302, 600, 50),
(2303, 601, 51),
(2304, 602, 52),
(2305, 603, 53),
(2306, 604, 54),
(2307, 605, 55),
(2308, 606, 1),
(2309, 607, 2),
(2310, 608, 3),
(2311, 609, 4),
(2312, 610, 5),
(2313, 611, 6),
(2314, 612, 7),
(2315, 613, 8),
(2316, 614, 9),
(2317, 615, 10),
(2318, 616, 11),
(2319, 617, 12),
(2320, 618, 13),
(2321, 619, 14),
(2322, 620, 15),
(2323, 621, 16),
(2324, 622, 17),
(2325, 623, 18),
(2326, 624, 19),
(2327, 625, 20),
(2328, 626, 21),
(2329, 627, 22),
(2330, 628, 23),
(2331, 629, 24),
(2332, 630, 25),
(2333, 631, 26),
(2334, 632, 27),
(2335, 633, 28),
(2336, 634, 29),
(2337, 635, 30),
(2338, 636, 31),
(2339, 637, 32),
(2340, 638, 33),
(2341, 639, 34),
(2342, 640, 35),
(2343, 641, 36),
(2344, 642, 37),
(2345, 643, 38),
(2346, 644, 39),
(2347, 645, 40),
(2348, 646, 41),
(2349, 647, 42),
(2350, 648, 43),
(2351, 649, 44),
(2352, 650, 45),
(2353, 651, 46),
(2354, 652, 47),
(2355, 653, 48),
(2356, 654, 49),
(2357, 655, 50),
(2358, 656, 51),
(2359, 657, 52),
(2360, 658, 53),
(2361, 659, 54),
(2362, 660, 55),
(2363, 661, 1),
(2364, 662, 2),
(2365, 663, 3),
(2366, 664, 4),
(2367, 665, 5),
(2368, 666, 6),
(2369, 667, 7),
(2370, 668, 8),
(2371, 669, 9),
(2372, 670, 10),
(2373, 671, 11),
(2374, 672, 12),
(2375, 673, 13),
(2376, 674, 14),
(2377, 675, 15),
(2378, 676, 16),
(2379, 677, 17),
(2380, 678, 18),
(2381, 679, 19),
(2382, 680, 20),
(2383, 681, 21),
(2384, 682, 22),
(2385, 683, 23),
(2386, 684, 24),
(2387, 685, 25),
(2388, 686, 26),
(2389, 687, 27),
(2390, 688, 28),
(2391, 689, 29),
(2392, 690, 30),
(2393, 691, 31),
(2394, 692, 32),
(2395, 693, 33),
(2396, 694, 34),
(2397, 695, 35),
(2398, 696, 36),
(2399, 697, 37),
(2400, 698, 38),
(2401, 699, 39),
(2402, 700, 40),
(2403, 701, 41),
(2404, 702, 42),
(2405, 703, 43),
(2406, 704, 44),
(2407, 705, 45),
(2408, 706, 46),
(2409, 707, 47),
(2410, 708, 48),
(2411, 709, 49),
(2412, 710, 50),
(2413, 711, 51),
(2414, 712, 52),
(2415, 713, 53),
(2416, 714, 54),
(2417, 715, 55),
(2418, 716, 1),
(2419, 717, 2),
(2420, 718, 3),
(2421, 719, 4),
(2422, 720, 5),
(2423, 721, 6),
(2424, 722, 7),
(2425, 723, 8),
(2426, 724, 9),
(2427, 725, 10),
(2428, 726, 11),
(2429, 727, 12),
(2430, 728, 13),
(2431, 729, 14),
(2432, 730, 15),
(2433, 731, 16),
(2434, 732, 17),
(2435, 733, 18),
(2436, 734, 19),
(2437, 735, 20),
(2438, 736, 21),
(2439, 737, 22),
(2440, 738, 23),
(2441, 739, 24),
(2442, 740, 25),
(2443, 741, 26),
(2444, 742, 27),
(2445, 743, 28),
(2446, 744, 29),
(2447, 745, 30),
(2448, 746, 31),
(2449, 747, 32),
(2450, 748, 33),
(2451, 749, 34),
(2452, 750, 35),
(2453, 751, 36),
(2454, 752, 37),
(2455, 753, 38),
(2456, 754, 39),
(2457, 755, 40),
(2458, 756, 41),
(2459, 757, 42),
(2460, 758, 43),
(2461, 759, 44),
(2462, 760, 45),
(2463, 761, 46),
(2464, 762, 47),
(2465, 763, 48),
(2466, 764, 49),
(2467, 765, 50),
(2468, 766, 51),
(2469, 767, 52),
(2470, 768, 53),
(2471, 769, 54),
(2472, 770, 55),
(2473, 771, 1),
(2474, 772, 2),
(2475, 773, 3),
(2476, 774, 4),
(2477, 775, 5),
(2478, 776, 6),
(2479, 777, 7),
(2480, 778, 8),
(2481, 779, 9),
(2482, 780, 10),
(2483, 781, 11),
(2484, 782, 12),
(2485, 783, 13),
(2486, 784, 14),
(2487, 785, 15),
(2488, 786, 16),
(2489, 787, 17),
(2490, 788, 18),
(2491, 789, 19),
(2492, 790, 20),
(2493, 791, 21),
(2494, 792, 22),
(2495, 793, 23),
(2496, 794, 24),
(2497, 795, 25),
(2498, 796, 26),
(2499, 797, 27),
(2500, 798, 28),
(2501, 799, 29),
(2502, 800, 30),
(2503, 801, 31),
(2504, 802, 32),
(2505, 803, 33),
(2506, 804, 34),
(2507, 805, 35),
(2508, 806, 36),
(2509, 807, 37),
(2510, 808, 38),
(2511, 809, 39),
(2512, 810, 40),
(2513, 811, 41),
(2514, 812, 42),
(2515, 813, 43),
(2516, 814, 44),
(2517, 815, 45),
(2518, 816, 46),
(2519, 817, 47),
(2520, 818, 48),
(2521, 819, 49),
(2522, 820, 50),
(2523, 821, 51),
(2524, 822, 52),
(2525, 823, 53),
(2526, 824, 54),
(2527, 825, 55),
(2528, 826, 1),
(2529, 827, 2),
(2530, 828, 3),
(2531, 829, 4),
(2532, 830, 5),
(2533, 831, 6),
(2534, 832, 7),
(2535, 833, 8),
(2536, 834, 9),
(2537, 835, 10),
(2538, 836, 11),
(2539, 837, 12),
(2540, 838, 13),
(2541, 839, 14),
(2542, 840, 15),
(2543, 841, 16),
(2544, 842, 17),
(2545, 843, 18),
(2546, 844, 19),
(2547, 845, 20),
(2548, 846, 21),
(2549, 847, 22),
(2550, 848, 23),
(2551, 849, 24),
(2552, 850, 25),
(2553, 851, 26),
(2554, 852, 27),
(2555, 853, 28),
(2556, 854, 29),
(2557, 855, 30),
(2558, 856, 31),
(2559, 857, 32),
(2560, 858, 33),
(2561, 859, 34),
(2562, 860, 35),
(2563, 861, 36),
(2564, 862, 37),
(2565, 863, 38),
(2566, 864, 39),
(2567, 865, 40),
(2568, 866, 41),
(2569, 867, 42),
(2570, 868, 43),
(2571, 869, 44),
(2572, 870, 45),
(2573, 871, 46),
(2574, 872, 47),
(2575, 873, 48),
(2576, 874, 49),
(2577, 875, 50),
(2578, 876, 51),
(2579, 877, 52),
(2580, 878, 53),
(2581, 879, 54),
(2582, 880, 55),
(2583, 881, 1),
(2584, 882, 2),
(2585, 883, 3),
(2586, 884, 4),
(2587, 885, 5),
(2588, 886, 6),
(2589, 887, 7),
(2590, 888, 8),
(2591, 889, 9),
(2592, 890, 10),
(2593, 891, 11),
(2594, 892, 12),
(2595, 893, 13),
(2596, 894, 14),
(2597, 895, 15),
(2598, 896, 16),
(2599, 897, 17),
(2600, 898, 18),
(2601, 899, 19),
(2602, 900, 20),
(2603, 901, 21),
(2604, 902, 22),
(2605, 903, 23),
(2606, 904, 24),
(2607, 905, 25),
(2608, 906, 26),
(2609, 907, 27),
(2610, 908, 28),
(2611, 909, 29),
(2612, 910, 30),
(2613, 911, 31),
(2614, 912, 32),
(2615, 913, 33),
(2616, 914, 34),
(2617, 915, 35),
(2618, 916, 36),
(2619, 917, 37),
(2620, 918, 38),
(2621, 919, 39),
(2622, 920, 40),
(2623, 921, 41),
(2624, 922, 42),
(2625, 923, 43),
(2626, 924, 44),
(2627, 925, 45),
(2628, 926, 46),
(2629, 927, 47),
(2630, 928, 48),
(2631, 929, 49),
(2632, 930, 50),
(2633, 931, 51),
(2634, 932, 52),
(2635, 933, 53),
(2636, 934, 54),
(2637, 935, 55),
(2638, 936, 1),
(2639, 937, 2),
(2640, 938, 3),
(2641, 939, 4),
(2642, 940, 5),
(2643, 941, 6),
(2644, 942, 7),
(2645, 943, 8),
(2646, 944, 9),
(2647, 945, 10),
(2648, 946, 11),
(2649, 947, 12),
(2650, 948, 13),
(2651, 949, 14),
(2652, 950, 15),
(2653, 951, 16),
(2654, 952, 17),
(2655, 953, 18),
(2656, 954, 19),
(2657, 955, 20),
(2658, 956, 21),
(2659, 957, 22),
(2660, 958, 23),
(2661, 959, 24),
(2662, 960, 25),
(2663, 961, 26),
(2664, 962, 27),
(2665, 963, 28),
(2666, 964, 29),
(2667, 965, 30),
(2668, 966, 31),
(2669, 967, 32),
(2670, 968, 33),
(2671, 969, 34),
(2672, 970, 35),
(2673, 971, 36),
(2674, 972, 37),
(2675, 973, 38),
(2676, 974, 39),
(2677, 975, 40),
(2678, 976, 41),
(2679, 977, 42),
(2680, 978, 43),
(2681, 979, 44),
(2682, 980, 45),
(2683, 981, 46),
(2684, 982, 47),
(2685, 983, 48),
(2686, 984, 49),
(2687, 985, 50),
(2688, 986, 51),
(2689, 987, 52),
(2690, 988, 53),
(2691, 989, 54),
(2692, 990, 55),
(2693, 991, 1),
(2694, 992, 2),
(2695, 993, 3),
(2696, 994, 4),
(2697, 995, 5),
(2698, 996, 6),
(2699, 997, 7),
(2700, 998, 8),
(2701, 999, 9),
(2702, 1000, 10),
(2703, 1001, 11),
(2704, 1002, 12),
(2705, 1003, 13),
(2706, 1004, 14),
(2707, 1005, 15),
(2708, 1006, 16),
(2709, 1007, 17),
(2710, 1008, 18),
(2711, 1009, 19),
(2712, 1010, 20),
(2713, 1011, 21),
(2714, 1012, 22),
(2715, 1013, 23),
(2716, 1014, 24),
(2717, 1015, 25),
(2718, 1016, 26),
(2719, 1017, 27),
(2720, 1018, 28),
(2721, 1019, 29),
(2722, 1020, 30),
(2723, 1021, 31),
(2724, 1022, 32),
(2725, 1023, 33),
(2726, 1024, 34),
(2727, 1025, 35),
(2728, 1026, 36),
(2729, 1027, 37),
(2730, 1028, 38),
(2731, 1029, 39),
(2732, 1030, 40),
(2733, 1031, 41),
(2734, 1032, 42),
(2735, 1033, 43),
(2736, 1034, 44),
(2737, 1035, 45),
(2738, 1036, 46),
(2739, 1037, 47),
(2740, 1038, 48),
(2741, 1039, 49),
(2742, 1040, 50),
(2743, 1041, 51),
(2744, 1042, 52),
(2745, 1043, 53),
(2746, 1044, 54),
(2747, 1045, 55),
(2748, 1046, 1),
(2749, 1047, 2),
(2750, 1048, 3),
(2751, 1049, 4),
(2752, 1050, 5),
(2753, 1051, 6),
(2754, 1052, 7),
(2755, 1053, 8),
(2756, 1054, 9),
(2757, 1055, 10),
(2758, 1056, 11),
(2759, 1057, 12),
(2760, 1058, 13),
(2761, 1059, 14),
(2762, 1060, 15),
(2763, 1061, 16),
(2764, 1062, 17),
(2765, 1063, 18),
(2766, 1064, 19),
(2767, 1065, 20),
(2768, 1066, 21),
(2769, 1067, 22),
(2770, 1068, 23),
(2771, 1069, 24),
(2772, 1070, 25),
(2773, 1071, 26),
(2774, 1072, 27),
(2775, 1073, 28),
(2776, 1074, 29),
(2777, 1075, 30),
(2778, 1076, 31),
(2779, 1077, 32),
(2780, 1078, 33),
(2781, 1079, 34),
(2782, 1080, 35),
(2783, 1081, 36),
(2784, 1082, 37),
(2785, 1083, 38),
(2786, 1084, 39),
(2787, 1085, 40),
(2788, 1086, 41),
(2789, 1087, 42),
(2790, 1088, 43),
(2791, 1089, 44),
(2792, 1090, 45),
(2793, 1091, 46),
(2794, 1092, 47),
(2795, 1093, 48),
(2796, 1094, 49),
(2797, 1095, 50),
(2798, 1096, 51),
(2799, 1097, 52),
(2800, 1098, 53),
(2801, 1099, 54),
(2802, 1100, 55),
(2803, 1101, 1),
(2804, 1102, 2),
(2805, 1103, 3),
(2806, 1104, 4),
(2807, 1105, 5),
(2808, 1106, 6),
(2809, 1107, 7),
(2810, 1108, 8),
(2811, 1109, 9),
(2812, 1110, 10),
(2813, 1111, 11),
(2814, 1112, 12),
(2815, 1113, 13),
(2816, 1114, 14),
(2817, 1115, 15),
(2818, 1116, 16),
(2819, 1117, 17),
(2820, 1118, 18),
(2821, 1119, 19),
(2822, 1120, 20),
(2823, 1121, 21),
(2824, 1122, 22),
(2825, 1123, 23),
(2826, 1124, 24),
(2827, 1125, 25),
(2828, 1126, 26),
(2829, 1127, 27),
(2830, 1128, 28),
(2831, 1129, 29),
(2832, 1130, 30),
(2833, 1131, 31),
(2834, 1132, 32),
(2835, 1133, 33),
(2836, 1134, 34),
(2837, 1135, 35),
(2838, 1136, 36),
(2839, 1137, 37),
(2840, 1138, 38),
(2841, 1139, 39),
(2842, 1140, 40),
(2843, 1141, 41),
(2844, 1142, 42),
(2845, 1143, 43),
(2846, 1144, 44),
(2847, 1145, 45),
(2848, 1146, 46),
(2849, 1147, 47),
(2850, 1148, 48),
(2851, 1149, 49),
(2852, 1150, 50),
(2853, 1151, 51),
(2854, 1152, 52),
(2855, 1153, 53),
(2856, 1154, 54),
(2857, 1155, 55),
(2858, 1156, 1),
(2859, 1157, 2),
(2860, 1158, 3),
(2861, 1159, 4),
(2862, 1160, 5),
(2863, 1161, 6),
(2864, 1162, 7),
(2865, 1163, 8),
(2866, 1164, 9),
(2867, 1165, 10),
(2868, 1166, 11),
(2869, 1167, 12),
(2870, 1168, 13),
(2871, 1169, 14),
(2872, 1170, 15),
(2873, 1171, 16),
(2874, 1172, 17),
(2875, 1173, 18),
(2876, 1174, 19),
(2877, 1175, 20),
(2878, 1176, 21),
(2879, 1177, 22),
(2880, 1178, 23),
(2881, 1179, 24),
(2882, 1180, 25),
(2883, 1181, 26),
(2884, 1182, 27),
(2885, 1183, 28),
(2886, 1184, 29),
(2887, 1185, 30),
(2888, 1186, 31),
(2889, 1187, 32),
(2890, 1188, 33),
(2891, 1189, 34),
(2892, 1190, 35),
(2893, 1191, 36),
(2894, 1192, 37),
(2895, 1193, 38),
(2896, 1194, 39),
(2897, 1195, 40),
(2898, 1196, 41),
(2899, 1197, 42),
(2900, 1198, 43),
(2901, 1199, 44),
(2902, 1200, 45),
(2903, 1201, 46),
(2904, 1202, 47),
(2905, 1203, 48),
(2906, 1204, 49),
(2907, 1205, 50),
(2908, 1206, 51),
(2909, 1207, 52),
(2910, 1208, 53),
(2911, 1209, 54),
(2912, 1210, 55),
(2913, 1211, 1),
(2914, 1212, 2),
(2915, 1213, 3),
(2916, 1214, 4),
(2917, 1215, 5),
(2918, 1216, 6),
(2919, 1217, 7),
(2920, 1218, 8),
(2921, 1219, 9),
(2922, 1220, 10),
(2923, 1221, 11),
(2924, 1222, 12),
(2925, 1223, 13),
(2926, 1224, 14),
(2927, 1225, 15),
(2928, 1226, 16),
(2929, 1227, 17),
(2930, 1228, 18),
(2931, 1229, 19),
(2932, 1230, 20),
(2933, 1231, 21),
(2934, 1232, 22),
(2935, 1233, 23),
(2936, 1234, 24),
(2937, 1235, 25),
(2938, 1236, 26),
(2939, 1237, 27),
(2940, 1238, 28),
(2941, 1239, 29),
(2942, 1240, 30),
(2943, 1241, 31),
(2944, 1242, 32),
(2945, 1243, 33),
(2946, 1244, 34),
(2947, 1245, 35),
(2948, 1246, 36),
(2949, 1247, 37),
(2950, 1248, 38),
(2951, 1249, 39),
(2952, 1250, 40),
(2953, 1251, 41),
(2954, 1252, 42),
(2955, 1253, 43),
(2956, 1254, 44),
(2957, 1255, 45),
(2958, 1256, 46),
(2959, 1257, 47),
(2960, 1258, 48),
(2961, 1259, 49),
(2962, 1260, 50),
(2963, 1261, 51),
(2964, 1262, 52),
(2965, 1263, 53),
(2966, 1264, 54),
(2967, 1265, 55),
(2968, 1266, 1),
(2969, 1267, 2),
(2970, 1268, 3),
(2971, 1269, 4),
(2972, 1270, 5),
(2973, 1271, 6),
(2974, 1272, 7),
(2975, 1273, 8),
(2976, 1274, 9),
(2977, 1275, 10),
(2978, 1276, 11),
(2979, 1277, 12),
(2980, 1278, 13),
(2981, 1279, 14),
(2982, 1280, 15),
(2983, 1281, 16),
(2984, 1282, 17),
(2985, 1283, 18),
(2986, 1284, 19),
(2987, 1285, 20),
(2988, 1286, 21),
(2989, 1287, 22),
(2990, 1288, 23),
(2991, 1289, 24),
(2992, 1290, 25),
(2993, 1291, 26),
(2994, 1292, 27),
(2995, 1293, 28),
(2996, 1294, 29),
(2997, 1295, 30),
(2998, 1296, 31),
(2999, 1297, 32),
(3000, 1298, 33),
(3001, 1299, 34),
(3002, 1300, 35),
(3003, 1301, 36),
(3004, 1302, 37),
(3005, 1303, 38),
(3006, 1304, 39),
(3007, 1305, 40),
(3008, 1306, 41),
(3009, 1307, 42),
(3010, 1308, 43),
(3011, 1309, 44),
(3012, 1310, 45),
(3013, 1311, 46),
(3014, 1312, 47),
(3015, 1313, 48),
(3016, 1314, 49),
(3017, 1315, 50),
(3018, 1316, 51),
(3019, 1317, 52),
(3020, 1318, 53),
(3021, 1319, 54),
(3022, 1320, 55),
(3023, 1321, 1),
(3024, 1322, 2),
(3025, 1323, 3),
(3026, 1324, 4),
(3027, 1325, 5),
(3028, 1326, 6),
(3029, 1327, 7),
(3030, 1328, 8),
(3031, 1329, 9),
(3032, 1330, 10),
(3033, 1331, 11),
(3034, 1332, 12),
(3035, 1333, 13),
(3036, 1334, 14),
(3037, 1335, 15),
(3038, 1336, 16),
(3039, 1337, 17),
(3040, 1338, 18),
(3041, 1339, 19),
(3042, 1340, 20),
(3043, 1341, 21),
(3044, 1342, 22),
(3045, 1343, 23),
(3046, 1344, 24),
(3047, 1345, 25),
(3048, 1346, 26),
(3049, 1347, 27),
(3050, 1348, 28),
(3051, 1349, 29),
(3052, 1350, 30),
(3053, 1351, 31),
(3054, 1352, 32),
(3055, 1353, 33),
(3056, 1354, 34),
(3057, 1355, 35),
(3058, 1356, 36),
(3059, 1357, 37),
(3060, 1358, 38),
(3061, 1359, 39),
(3062, 1360, 40),
(3063, 1361, 41),
(3064, 1362, 42),
(3065, 1363, 43),
(3066, 1364, 44),
(3067, 1365, 45),
(3068, 1366, 46),
(3069, 1367, 47),
(3070, 1368, 48),
(3071, 1369, 49),
(3072, 1370, 50),
(3073, 1371, 51),
(3074, 1372, 52),
(3075, 1373, 53),
(3076, 1374, 54),
(3077, 1375, 55),
(3078, 1376, 1),
(3079, 1377, 2),
(3080, 1378, 3),
(3081, 1379, 4),
(3082, 1380, 5),
(3083, 1381, 6),
(3084, 1382, 7),
(3085, 1383, 8),
(3086, 1384, 9),
(3087, 1385, 10),
(3088, 1386, 11),
(3089, 1387, 12),
(3090, 1388, 13),
(3091, 1389, 14),
(3092, 1390, 15),
(3093, 1391, 16),
(3094, 1392, 17),
(3095, 1393, 18),
(3096, 1394, 19),
(3097, 1395, 20),
(3098, 1396, 21),
(3099, 1397, 22),
(3100, 1398, 23),
(3101, 1399, 24),
(3102, 1400, 25),
(3103, 1401, 26),
(3104, 1402, 27),
(3105, 1403, 28),
(3106, 1404, 29),
(3107, 1405, 30),
(3108, 1406, 31),
(3109, 1407, 32),
(3110, 1408, 33),
(3111, 1409, 34),
(3112, 1410, 35),
(3113, 1411, 36),
(3114, 1412, 37),
(3115, 1413, 38),
(3116, 1414, 39),
(3117, 1415, 40),
(3118, 1416, 41),
(3119, 1417, 42),
(3120, 1418, 43),
(3121, 1419, 44),
(3122, 1420, 45),
(3123, 1421, 46),
(3124, 1422, 47),
(3125, 1423, 48),
(3126, 1424, 49),
(3127, 1425, 50),
(3128, 1426, 51),
(3129, 1427, 52),
(3130, 1428, 53),
(3131, 1429, 54),
(3132, 1430, 55),
(3133, 1431, 1),
(3134, 1432, 2),
(3135, 1433, 3),
(3136, 1434, 4),
(3137, 1435, 5),
(3138, 1436, 6),
(3139, 1437, 7),
(3140, 1438, 8),
(3141, 1439, 9),
(3142, 1440, 10),
(3143, 1441, 11),
(3144, 1442, 12),
(3145, 1443, 13),
(3146, 1444, 14),
(3147, 1445, 15),
(3148, 1446, 16),
(3149, 1447, 17),
(3150, 1448, 18),
(3151, 1449, 19),
(3152, 1450, 20),
(3153, 1451, 21),
(3154, 1452, 22),
(3155, 1453, 23),
(3156, 1454, 24),
(3157, 1455, 25),
(3158, 1456, 26),
(3159, 1457, 27),
(3160, 1458, 28),
(3161, 1459, 29),
(3162, 1460, 30),
(3163, 1461, 31),
(3164, 1462, 32),
(3165, 1463, 33),
(3166, 1464, 34),
(3167, 1465, 35),
(3168, 1466, 36),
(3169, 1467, 37),
(3170, 1468, 38),
(3171, 1469, 39),
(3172, 1470, 40),
(3173, 1471, 41),
(3174, 1472, 42),
(3175, 1473, 43),
(3176, 1474, 44),
(3177, 1475, 45),
(3178, 1476, 46),
(3179, 1477, 47),
(3180, 1478, 48),
(3181, 1479, 49),
(3182, 1480, 50),
(3183, 1481, 51),
(3184, 1482, 52),
(3185, 1483, 53),
(3186, 1484, 54),
(3187, 1485, 55),
(3188, 1486, 1),
(3189, 1487, 2),
(3190, 1488, 3),
(3191, 1489, 4),
(3192, 1490, 5),
(3193, 1491, 6),
(3194, 1492, 7),
(3195, 1493, 8),
(3196, 1494, 9),
(3197, 1495, 10),
(3198, 1496, 11),
(3199, 1497, 12),
(3200, 1498, 13),
(3201, 1499, 14),
(3202, 1500, 15),
(3203, 1501, 16),
(3204, 1502, 17),
(3205, 1503, 18),
(3206, 1504, 19),
(3207, 1505, 20),
(3208, 1506, 21),
(3209, 1507, 22),
(3210, 1508, 23),
(3211, 1509, 24),
(3212, 1510, 25),
(3213, 1511, 26),
(3214, 1512, 27),
(3215, 1513, 28),
(3216, 1514, 29),
(3217, 1515, 30),
(3218, 1516, 31),
(3219, 1517, 32),
(3220, 1518, 33),
(3221, 1519, 34),
(3222, 1520, 35),
(3223, 1521, 36),
(3224, 1522, 37),
(3225, 1523, 38),
(3226, 1524, 39),
(3227, 1525, 40),
(3228, 1526, 41),
(3229, 1527, 42),
(3230, 1528, 43),
(3231, 1529, 44),
(3232, 1530, 45),
(3233, 1531, 46),
(3234, 1532, 47),
(3235, 1533, 48),
(3236, 1534, 49),
(3237, 1535, 50),
(3238, 1536, 51),
(3239, 1537, 52),
(3240, 1538, 53),
(3241, 1539, 54),
(3242, 1540, 55),
(3243, 1541, 1),
(3244, 1542, 2),
(3245, 1543, 3),
(3246, 1544, 4),
(3247, 1545, 5),
(3248, 1546, 6),
(3249, 1547, 7),
(3250, 1548, 8),
(3251, 1549, 9),
(3252, 1550, 10);

-- --------------------------------------------------------

--
-- Table structure for table `groupe`
--

DROP TABLE IF EXISTS `groupe`;
CREATE TABLE IF NOT EXISTS `groupe` (
  `ID` int(11) NOT NULL AUTO_INCREMENT,
  `Nom` tinytext NOT NULL,
  `ID_Promotion` int(11) NOT NULL,
  PRIMARY KEY (`ID`),
  KEY `ID_Promotion` (`ID_Promotion`)
) ENGINE=MyISAM AUTO_INCREMENT=56 DEFAULT CHARSET=latin1;

--
-- Dumping data for table `groupe`
--

INSERT INTO `groupe` (`ID`, `Nom`, `ID_Promotion`) VALUES
(1, 'Groupe 1', 1),
(2, 'Groupe 02', 1),
(3, 'Groupe 03', 1),
(4, 'Groupe 04', 1),
(5, 'Groupe 05', 1),
(6, 'Groupe 06', 1),
(7, 'Groupe 07', 1),
(8, 'Groupe 08', 1),
(9, 'Groupe 09', 1),
(10, 'Groupe 10', 1),
(11, 'Groupe 11', 1),
(12, 'Groupe 12', 1),
(13, 'Groupe 01', 2),
(14, 'Groupe 02', 2),
(15, 'Groupe 03', 2),
(16, 'Groupe 04', 2),
(17, 'Groupe 05', 2),
(18, 'Groupe 06', 2),
(19, 'Groupe 07', 2),
(20, 'Groupe 08', 2),
(21, 'Groupe 09', 2),
(22, 'Groupe 10', 2),
(23, 'Groupe 11', 2),
(24, 'Groupe 12', 2),
(25, 'Groupe 01', 3),
(26, 'Groupe 02', 3),
(27, 'Groupe 03', 3),
(28, 'Groupe 04', 3),
(29, 'Groupe 05', 3),
(30, 'Groupe 06', 3),
(31, 'Groupe 07', 3),
(32, 'Groupe 08', 3),
(33, 'Groupe 09', 3),
(34, 'Groupe 10', 3),
(35, 'Groupe 11', 3),
(36, 'Groupe 12', 3),
(37, 'Groupe 04', 4),
(38, 'Groupe 01', 4),
(39, 'Groupe 02', 4),
(40, 'Groupe 03', 4),
(41, 'Groupe 01', 5),
(42, 'Groupe 02', 5),
(43, 'Groupe 03', 5),
(44, 'Groupe 01', 6),
(45, 'Groupe 02', 6),
(46, 'Groupe 03', 6),
(47, 'Groupe 01', 7),
(48, 'Groupe 02', 7),
(49, 'Groupe 03', 7),
(50, 'Groupe 01', 8),
(51, 'Groupe 02', 8),
(52, 'Groupe 03', 8),
(53, 'Groupe 01', 9),
(54, 'Groupe 02', 9),
(55, 'Groupe 03', 9);

-- --------------------------------------------------------

--
-- Table structure for table `promotion`
--

DROP TABLE IF EXISTS `promotion`;
CREATE TABLE IF NOT EXISTS `promotion` (
  `ID` int(11) NOT NULL AUTO_INCREMENT,
  `Nom` tinytext NOT NULL,
  PRIMARY KEY (`ID`)
) ENGINE=MyISAM AUTO_INCREMENT=10 DEFAULT CHARSET=latin1;

--
-- Dumping data for table `promotion`
--

INSERT INTO `promotion` (`ID`, `Nom`) VALUES
(1, 'ING1'),
(2, 'ING2'),
(3, 'ING3'),
(4, 'ING4 SI'),
(5, 'ING4 SE'),
(6, 'ING4 OCRES'),
(7, 'ING4 Santé'),
(8, 'ING4 Finance'),
(9, 'ING4 Environnement');

-- --------------------------------------------------------

--
-- Table structure for table `salle`
--

DROP TABLE IF EXISTS `salle`;
CREATE TABLE IF NOT EXISTS `salle` (
  `ID` int(11) NOT NULL AUTO_INCREMENT,
  `Nom` tinytext NOT NULL,
  `Capacite` int(11) NOT NULL,
  `ID_Site` int(11) NOT NULL,
  PRIMARY KEY (`ID`),
  KEY `ID_Site` (`ID_Site`)
) ENGINE=MyISAM AUTO_INCREMENT=383 DEFAULT CHARSET=latin1;

--
-- Dumping data for table `salle`
--

INSERT INTO `salle` (`ID`, `Nom`, `Capacite`, `ID_Site`) VALUES
(35, 'P325', 35, 2),
(34, 'P324', 35, 2),
(33, 'P323', 35, 2),
(32, 'P322', 35, 2),
(31, 'P321', 35, 2),
(30, 'P320', 35, 2),
(29, 'P319', 35, 2),
(28, 'P318', 35, 2),
(27, 'P317', 35, 2),
(26, 'P316', 35, 2),
(25, 'P315', 35, 2),
(24, 'P314', 35, 2),
(36, 'P326', 35, 2),
(37, 'P327', 35, 2),
(38, 'P328', 35, 2),
(39, 'P329', 35, 2),
(40, 'P330', 35, 2),
(41, 'P331', 35, 2),
(42, 'P332', 35, 2),
(43, 'P333', 35, 2),
(44, 'P334', 35, 2),
(45, 'P335', 35, 2),
(46, 'P336', 35, 2),
(47, 'P337', 35, 2),
(48, 'P444', 35, 2),
(49, 'P415', 35, 2),
(50, 'P416', 35, 2),
(51, 'P417', 35, 2),
(52, 'P418', 35, 2),
(53, 'P419', 35, 2),
(54, 'P420', 35, 2),
(55, 'P421', 35, 2),
(56, 'P422', 35, 2),
(57, 'P423', 35, 2),
(58, 'P424', 35, 2),
(59, 'P425', 35, 2),
(60, 'P426', 35, 2),
(61, 'P427', 35, 2),
(62, 'P428', 35, 2),
(63, 'P429', 35, 2),
(64, 'P430', 35, 2),
(65, 'P431', 35, 2),
(66, 'P432', 35, 2),
(67, 'P433', 35, 2),
(68, 'P434', 35, 2),
(69, 'P435', 35, 2),
(70, 'P436', 35, 2),
(71, 'P437', 35, 2),
(72, 'P438', 35, 2),
(73, 'P439', 35, 2),
(74, 'P440', 35, 2),
(75, 'P441', 35, 2),
(76, 'P442', 35, 2),
(77, 'P443', 35, 2),
(78, 'P445', 80, 2),
(79, 'P446', 80, 2),
(80, 'EM08', 35, 1),
(81, 'EM009', 200, 1),
(82, 'EM0010', 200, 1),
(83, 'EM0011', 35, 1),
(84, 'EM0012', 35, 1),
(85, 'EM0013', 35, 1),
(86, 'EM0014', 35, 1),
(87, 'EM0015', 35, 1),
(88, 'EM0016', 35, 1),
(89, 'EM0017', 35, 1),
(90, 'EM0018', 35, 1),
(91, 'EM0019', 35, 1),
(92, 'EM0020', 35, 1),
(93, 'EM019', 35, 1),
(94, 'EM0110', 35, 1),
(95, 'EM0111', 35, 1),
(96, 'EM0112', 35, 1),
(97, 'EM0113', 35, 1),
(98, 'EM0114', 35, 1),
(99, 'EM0115', 35, 1),
(100, 'EM0116', 35, 1),
(101, 'EM0117', 35, 1),
(102, 'EM0118', 35, 1),
(103, 'EM0119', 35, 1),
(104, 'EM0120', 35, 1),
(105, 'EM029', 35, 1),
(106, 'EM0210', 35, 1),
(107, 'EM0211', 35, 1),
(108, 'EM0212', 35, 1),
(109, 'EM0213', 35, 1),
(110, 'EM0214', 35, 1),
(111, 'EM0215', 35, 1),
(112, 'EM0216', 35, 1),
(113, 'EM0217', 35, 1),
(114, 'EM0218', 35, 1),
(115, 'EM0219', 35, 1),
(116, 'EM0220', 35, 1),
(117, 'EM039', 35, 1),
(118, 'EM0310', 35, 1),
(119, 'EM0311', 35, 1),
(120, 'EM0312', 35, 1),
(121, 'EM0313', 35, 1),
(122, 'EM0314', 35, 1),
(123, 'EM0315', 35, 1),
(124, 'EM0316', 35, 1),
(125, 'EM0317', 35, 1),
(126, 'EM0318', 35, 1),
(127, 'EM0319', 35, 1),
(128, 'EM0320', 35, 1),
(129, 'EM049', 35, 1),
(130, 'EM0410', 35, 1),
(131, 'EM0411', 35, 1),
(132, 'EM0412', 35, 1),
(133, 'EM0413', 35, 1),
(134, 'EM0414', 35, 1),
(135, 'EM0415', 35, 1),
(136, 'EM0416', 35, 1),
(137, 'EM0417', 35, 1),
(138, 'EM0418', 35, 1),
(139, 'EM0419', 35, 1),
(140, 'EM0420', 35, 1),
(141, 'SC008', 35, 1),
(142, 'SC009', 35, 1),
(143, 'SC010', 35, 1),
(144, 'SC011', 35, 1),
(145, 'SC012', 35, 1),
(146, 'SC013', 35, 1),
(147, 'SC014', 35, 1),
(148, 'SC015', 35, 1),
(149, 'SC016', 35, 1),
(150, 'SC017', 35, 1),
(151, 'SC018', 35, 1),
(152, 'SC019', 35, 1),
(153, 'SC020', 35, 1),
(154, 'SC109', 35, 1),
(155, 'SC110', 35, 1),
(156, 'SC111', 35, 1),
(157, 'SC112', 35, 1),
(158, 'SC113', 35, 1),
(159, 'SC114', 35, 1),
(160, 'SC115', 35, 1),
(161, 'SC116', 35, 1),
(162, 'SC117', 35, 1),
(163, 'SC118', 35, 1),
(164, 'SC119', 35, 1),
(165, 'SC120', 35, 1),
(166, 'SC209', 35, 1),
(167, 'SC210', 35, 1),
(168, 'SC211', 35, 1),
(169, 'SC212', 35, 1),
(170, 'SC213', 35, 1),
(171, 'SC214', 35, 1),
(172, 'SC215', 35, 1),
(173, 'SC216', 35, 1),
(174, 'SC217', 35, 1),
(175, 'SC218', 35, 1),
(176, 'SC219', 35, 1),
(177, 'SC220', 35, 1),
(178, 'SC309', 35, 1),
(179, 'SC310', 35, 1),
(180, 'SC311', 35, 1),
(181, 'SC312', 35, 1),
(182, 'SC313', 35, 1),
(183, 'SC314', 35, 1),
(184, 'SC315', 35, 1),
(185, 'SC316', 35, 1),
(186, 'SC317', 35, 1),
(187, 'SC318', 35, 1),
(188, 'SC319', 35, 1),
(189, 'SC320', 35, 1),
(190, 'SC409', 35, 1),
(191, 'SC410', 35, 1),
(192, 'SC411', 35, 1),
(193, 'SC412', 35, 1),
(194, 'SC413', 35, 1),
(195, 'SC414', 35, 1),
(196, 'SC415', 35, 1),
(197, 'SC416', 35, 1),
(198, 'SC417', 35, 1),
(199, 'SC418', 35, 1),
(200, 'SC419', 35, 1),
(201, 'SC420', 35, 1),
(202, '310', 80, 6),
(203, '009', 35, 3),
(204, '009', 35, 4),
(205, '009', 35, 5),
(206, '010', 35, 3),
(207, '010', 35, 4),
(208, '010', 35, 5),
(209, '011', 35, 3),
(210, '011', 35, 4),
(211, '011', 35, 5),
(212, '012', 35, 3),
(213, '012', 35, 4),
(214, '012', 35, 5),
(215, '013', 35, 3),
(216, '013', 35, 4),
(217, '013', 35, 5),
(218, '014', 35, 3),
(219, '014', 35, 4),
(220, '014', 35, 5),
(221, '015', 35, 3),
(222, '015', 35, 4),
(223, '015', 35, 5),
(224, '016', 35, 3),
(225, '016', 35, 4),
(226, '016', 35, 5),
(227, '017', 35, 3),
(228, '017', 35, 4),
(229, '017', 35, 5),
(230, '018', 35, 3),
(231, '018', 35, 4),
(232, '018', 35, 5),
(233, '019', 35, 3),
(234, '019', 35, 4),
(235, '019', 35, 5),
(236, '020', 35, 3),
(237, '020', 35, 4),
(238, '020', 35, 5),
(239, '109', 35, 3),
(240, '109', 35, 4),
(241, '109', 35, 5),
(242, '110', 35, 3),
(243, '110', 35, 4),
(244, '110', 35, 5),
(245, '111', 35, 3),
(246, '111', 35, 4),
(247, '111', 35, 5),
(248, '112', 35, 3),
(249, '112', 35, 4),
(250, '112', 35, 5),
(251, '113', 35, 3),
(252, '113', 35, 4),
(253, '113', 35, 5),
(254, '114', 35, 3),
(255, '114', 35, 4),
(256, '114', 35, 5),
(257, '115', 35, 3),
(258, '115', 35, 4),
(259, '115', 35, 5),
(260, '116', 35, 3),
(261, '116', 35, 4),
(262, '116', 35, 5),
(263, '117', 35, 3),
(264, '117', 35, 4),
(265, '117', 35, 5),
(266, '118', 35, 3),
(267, '118', 35, 4),
(268, '118', 35, 5),
(269, '119', 35, 3),
(270, '119', 35, 4),
(271, '119', 35, 5),
(272, '120', 35, 3),
(273, '120', 35, 4),
(274, '120', 35, 5),
(275, '209', 35, 3),
(276, '209', 35, 4),
(277, '209', 35, 5),
(278, '210', 35, 3),
(279, '210', 35, 4),
(280, '210', 35, 5),
(281, '211', 35, 3),
(282, '211', 35, 4),
(283, '211', 35, 5),
(284, '212', 35, 3),
(285, '212', 35, 4),
(286, '212', 35, 5),
(287, '213', 35, 3),
(288, '213', 35, 4),
(289, '213', 35, 5),
(290, '214', 35, 3),
(291, '214', 35, 4),
(292, '214', 35, 5),
(293, '215', 35, 3),
(294, '215', 35, 4),
(295, '215', 35, 5),
(296, '216', 35, 3),
(297, '216', 35, 4),
(298, '216', 35, 5),
(299, '217', 35, 3),
(300, '217', 35, 4),
(301, '217', 35, 5),
(302, '218', 35, 3),
(303, '218', 35, 4),
(304, '218', 35, 5),
(305, '219', 35, 3),
(306, '219', 35, 4),
(307, '219', 35, 5),
(308, '220', 35, 3),
(309, '220', 35, 4),
(310, '220', 35, 5),
(311, '309', 35, 3),
(312, '309', 35, 4),
(313, '309', 35, 5),
(314, '310', 35, 3),
(315, '310', 35, 4),
(316, '310', 35, 5),
(317, '311', 35, 3),
(318, '311', 35, 4),
(319, '311', 35, 5),
(320, '312', 35, 3),
(321, '312', 35, 4),
(322, '312', 35, 5),
(323, '313', 35, 3),
(324, '313', 35, 4),
(325, '313', 35, 5),
(326, '314', 35, 3),
(327, '314', 35, 4),
(328, '314', 35, 5),
(329, '315', 35, 3),
(330, '315', 35, 4),
(331, '315', 35, 5),
(332, '316', 35, 3),
(333, '316', 35, 4),
(334, '316', 35, 5),
(335, '317', 35, 3),
(336, '317', 35, 4),
(337, '317', 35, 5),
(338, '318', 35, 3),
(339, '318', 35, 4),
(340, '318', 35, 5),
(341, '319', 35, 3),
(342, '319', 35, 4),
(343, '319', 35, 5),
(344, '320', 35, 3),
(345, '320', 35, 4),
(346, '320', 35, 5),
(347, '409', 35, 3),
(348, '409', 35, 4),
(349, '409', 35, 5),
(350, '410', 35, 3),
(351, '410', 35, 4),
(352, '410', 35, 5),
(353, '411', 35, 3),
(354, '411', 35, 4),
(355, '411', 35, 5),
(356, '412', 35, 3),
(357, '412', 35, 4),
(358, '412', 35, 5),
(359, '413', 35, 3),
(360, '413', 35, 4),
(361, '413', 35, 5),
(362, '414', 35, 3),
(363, '414', 35, 4),
(364, '414', 35, 5),
(365, '415', 35, 3),
(366, '415', 35, 4),
(367, '415', 35, 5),
(368, '416', 35, 3),
(369, '416', 35, 4),
(370, '416', 35, 5),
(371, '417', 35, 3),
(372, '417', 35, 4),
(373, '417', 35, 5),
(374, '418', 35, 3),
(375, '418', 35, 4),
(376, '418', 35, 5),
(377, '419', 35, 3),
(378, '419', 35, 4),
(379, '419', 35, 5),
(380, '420', 35, 3),
(381, '420', 35, 4),
(382, '420', 35, 5);

-- --------------------------------------------------------

--
-- Table structure for table `seance`
--

DROP TABLE IF EXISTS `seance`;
CREATE TABLE IF NOT EXISTS `seance` (
  `ID` int(11) NOT NULL AUTO_INCREMENT,
  `Semaine` int(11) NOT NULL,
  `Date` date NOT NULL,
  `Heure_Debut` time NOT NULL,
  `Heure_Fin` time NOT NULL,
  `Etat` int(11) NOT NULL,
  `ID_Cours` int(11) NOT NULL,
  `ID_Type` int(11) NOT NULL,
  PRIMARY KEY (`ID`),
  KEY `ID_Cours` (`ID_Cours`),
  KEY `ID_Type` (`ID_Type`)
) ENGINE=MyISAM DEFAULT CHARSET=latin1;

-- --------------------------------------------------------

--
-- Table structure for table `seance_enseigants`
--

DROP TABLE IF EXISTS `seance_enseigants`;
CREATE TABLE IF NOT EXISTS `seance_enseigants` (
  `ID_Seance` int(11) NOT NULL,
  `ID_Enseignant` int(11) NOT NULL,
  KEY `ID_Seance` (`ID_Seance`),
  KEY `ID_Enseignant` (`ID_Enseignant`)
) ENGINE=MyISAM DEFAULT CHARSET=latin1;

-- --------------------------------------------------------

--
-- Table structure for table `seance_groupes`
--

DROP TABLE IF EXISTS `seance_groupes`;
CREATE TABLE IF NOT EXISTS `seance_groupes` (
  `ID_Seance` int(11) NOT NULL,
  `ID_Groupe` int(11) NOT NULL,
  KEY `ID_Seance` (`ID_Seance`),
  KEY `ID_Groupe` (`ID_Groupe`)
) ENGINE=MyISAM DEFAULT CHARSET=latin1;

-- --------------------------------------------------------

--
-- Table structure for table `seance_salles`
--

DROP TABLE IF EXISTS `seance_salles`;
CREATE TABLE IF NOT EXISTS `seance_salles` (
  `ID_Seance` int(11) NOT NULL,
  `ID_Salle` int(11) NOT NULL,
  KEY `ID_Seance` (`ID_Seance`),
  KEY `ID_Salle` (`ID_Salle`)
) ENGINE=MyISAM DEFAULT CHARSET=latin1;

-- --------------------------------------------------------

--
-- Table structure for table `site`
--

DROP TABLE IF EXISTS `site`;
CREATE TABLE IF NOT EXISTS `site` (
  `ID` int(11) NOT NULL AUTO_INCREMENT,
  `Nom` tinytext NOT NULL,
  PRIMARY KEY (`ID`)
) ENGINE=MyISAM AUTO_INCREMENT=7 DEFAULT CHARSET=latin1;

--
-- Dumping data for table `site`
--

INSERT INTO `site` (`ID`, `Nom`) VALUES
(1, 'E1'),
(2, 'E2'),
(3, 'E3'),
(4, 'E4'),
(5, 'E5'),
(6, 'Centre National des Arts et Métiers');

-- --------------------------------------------------------

--
-- Table structure for table `type_cours`
--

DROP TABLE IF EXISTS `type_cours`;
CREATE TABLE IF NOT EXISTS `type_cours` (
  `ID` int(11) NOT NULL AUTO_INCREMENT,
  `Nom` tinytext NOT NULL,
  PRIMARY KEY (`ID`)
) ENGINE=MyISAM AUTO_INCREMENT=10 DEFAULT CHARSET=latin1;

--
-- Dumping data for table `type_cours`
--

INSERT INTO `type_cours` (`ID`, `Nom`) VALUES
(1, 'Cours interactif'),
(2, 'Cours magistral'),
(3, 'Travaux dirigés'),
(4, 'Travaux pratiques'),
(5, 'Projet'),
(6, 'Soutien'),
(7, 'Cours à distance'),
(8, 'MOOC'),
(9, 'Cours en autonomie');

-- --------------------------------------------------------

--
-- Table structure for table `utilisateur`
--

DROP TABLE IF EXISTS `utilisateur`;
CREATE TABLE IF NOT EXISTS `utilisateur` (
  `ID` int(11) NOT NULL AUTO_INCREMENT,
  `Email` tinytext NOT NULL,
  `Password` tinytext NOT NULL,
  `Nom` tinytext NOT NULL,
  `Prenom` tinytext NOT NULL,
  `Droit` int(11) NOT NULL,
  PRIMARY KEY (`ID`)
) ENGINE=MyISAM AUTO_INCREMENT=3333 DEFAULT CHARSET=latin1;

--
-- Dumping data for table `utilisateur`
--

INSERT INTO `utilisateur` (`ID`, `Email`, `Password`, `Nom`, `Prenom`, `Droit`) VALUES
(2978, 'Kristopher.Yoder@edu.ece.fr', 'jXeYfoNua!', 'Yoder', 'Kristopher', 4),
(2977, 'Noel.Quinby@edu.ece.fr', 'b24JCkLquS', 'Quinby', 'Noel', 4),
(2976, 'Woodrow.Fusaro@edu.ece.fr', '^wWrA%dw6H', 'Fusaro', 'Woodrow', 4),
(2975, 'Vanna.Weich@edu.ece.fr', 'vb]A9JL@;M', 'Weich', 'Vanna', 4),
(2974, 'Rick.Mean@edu.ece.fr', '4IZ0gQuqC;', 'Mean', 'Rick', 4),
(2973, 'Grant.Bohannon@edu.ece.fr', 'fIeKxWsp7/', 'Bohannon', 'Grant', 4),
(2972, 'Qiana.Lobdell@edu.ece.fr', 'CH?aIG5IDC', 'Lobdell', 'Qiana', 4),
(2971, 'Titus.Cupples@edu.ece.fr', '!ARaP/RyH&', 'Cupples', 'Titus', 4),
(2970, 'Renaldo.Policastro@edu.ece.fr', 'IBwJZh}^JF', 'Policastro', 'Renaldo', 4),
(2969, 'Dominique.Leahy@edu.ece.fr', 'jG[9SKen7Q', 'Leahy', 'Dominique', 4),
(2968, 'Hunter.Fulbright@edu.ece.fr', 'M3C;WEh^?;', 'Fulbright', 'Hunter', 4),
(2967, 'Kathleen.Orban@edu.ece.fr', 'xD90!M#MAK', 'Orban', 'Kathleen', 4),
(2966, 'Antoine.Amidon@edu.ece.fr', 'BdKPhczVfn', 'Amidon', 'Antoine', 4),
(2965, 'Young.Buresh@edu.ece.fr', 'P}Kjog]yT2', 'Buresh', 'Young', 4),
(2964, 'Chester.Shupe@edu.ece.fr', 'PatcaQagA/', 'Shupe', 'Chester', 4),
(2963, 'Joaquin.Orenstein@edu.ece.fr', '@fNeEw%!r!', 'Orenstein', 'Joaquin', 4),
(2962, 'Lesha.Skalski@edu.ece.fr', '9wB3Zy]d7Y', 'Skalski', 'Lesha', 4),
(2961, 'Gwyneth.Courts@edu.ece.fr', '8Y9I6bP!Up', 'Courts', 'Gwyneth', 4),
(2960, 'Isaiah.Arispe@edu.ece.fr', 'ymMV;pzvpD', 'Arispe', 'Isaiah', 4),
(2959, 'Ranee.Treadway@edu.ece.fr', 'xc}NJ%4NA?', 'Treadway', 'Ranee', 4),
(2958, 'Marty.Merida@edu.ece.fr', 'r;Kg?K%aDp', 'Merida', 'Marty', 4),
(2957, 'Mauro.Falkowski@edu.ece.fr', '#u1fd%ulqQ', 'Falkowski', 'Mauro', 4),
(2956, 'Merle.Bezanson@edu.ece.fr', '?h}33pR[z?', 'Bezanson', 'Merle', 4),
(2955, 'Clay.Magdaleno@edu.ece.fr', 'nwAN@z1W0d', 'Magdaleno', 'Clay', 4),
(2954, 'Florance.Mauney@edu.ece.fr', '[Q{sMRS[xf', 'Mauney', 'Florance', 4),
(2953, 'Neta.Moberly@edu.ece.fr', '/Z04@NXVbB', 'Moberly', 'Neta', 4),
(2952, 'Casey.Grossman@edu.ece.fr', '?kKKgeimwX', 'Grossman', 'Casey', 4),
(2951, 'Deshawn.Skoog@edu.ece.fr', '?0hHLD7nR4', 'Skoog', 'Deshawn', 4),
(2950, 'Brady.Tu@edu.ece.fr', '2{lT!t^r!4', 'Tu', 'Brady', 4),
(2949, 'Porter.Westerlund@edu.ece.fr', 'kyTenh4{V}', 'Westerlund', 'Porter', 4),
(2948, 'Toby.Pinney@edu.ece.fr', '}xd1KH?0s%', 'Pinney', 'Toby', 4),
(2947, 'Alexander.Holdsworth@edu.ece.fr', 'FW1Jf[%gmb', 'Holdsworth', 'Alexander', 4),
(2946, 'Shandi.Trexler@edu.ece.fr', 'aj5IZn22@l', 'Trexler', 'Shandi', 4),
(2945, 'Hugh.Goodrich@edu.ece.fr', 'b/IAeWYR7S', 'Goodrich', 'Hugh', 4),
(2944, 'Collene.Dang@edu.ece.fr', 'Sw9IrWrqxj', 'Dang', 'Collene', 4),
(2943, 'Lou.Salvo@edu.ece.fr', 'e135/Ula{s', 'Salvo', 'Lou', 4),
(2942, 'Cristobal.Somers@edu.ece.fr', 'Q&R7iughLe', 'Somers', 'Cristobal', 4),
(2941, 'Raymond.Defilippo@edu.ece.fr', 'pGAlPE8YJC', 'Defilippo', 'Raymond', 4),
(2940, 'Raymond.Sauders@edu.ece.fr', 'vXb&?DhdZX', 'Sauders', 'Raymond', 4),
(2939, 'Malik.Valone@edu.ece.fr', 'wEiERkl%cf', 'Valone', 'Malik', 4),
(2938, 'Shane.Eden@edu.ece.fr', 'Dcnu1p0u4x', 'Eden', 'Shane', 4),
(2937, 'Tricia.Powell@edu.ece.fr', 'Cu7De}cCiJ', 'Powell', 'Tricia', 4),
(2936, 'Clay.Thurman@edu.ece.fr', '!i46rDtjTn', 'Thurman', 'Clay', 4),
(2935, 'Alejandro.Hippe@edu.ece.fr', 'UQFgQO9kVS', 'Hippe', 'Alejandro', 4),
(2934, 'Shelby.Delarosa@edu.ece.fr', 'a@%KFAqt31', 'Delarosa', 'Shelby', 4),
(2933, 'Jamar.Buda@edu.ece.fr', '4OJfYfJ@JX', 'Buda', 'Jamar', 4),
(2932, 'Enid.Mccarville@edu.ece.fr', 'XCF3l%NUs[', 'Mccarville', 'Enid', 4),
(2931, 'Johnie.Sher@edu.ece.fr', 'Z]e758um[[', 'Sher', 'Johnie', 4),
(2930, 'Janette.Meldrum@edu.ece.fr', 'HH/YqnQ7T%', 'Meldrum', 'Janette', 4),
(2929, 'Daniela.Mcanally@edu.ece.fr', 's}nv[kTkyP', 'Mcanally', 'Daniela', 4),
(2928, 'Homer.Poole@edu.ece.fr', '4Hl]0mteoO', 'Poole', 'Homer', 4),
(2927, 'Markus.Galaz@edu.ece.fr', 'Y?r[jb?IB!', 'Galaz', 'Markus', 4),
(2926, 'Hubert.Traxler@edu.ece.fr', 'd?r9U;HC]U', 'Traxler', 'Hubert', 4),
(2925, 'Valentine.Garlock@edu.ece.fr', '[/RqYY7]VO', 'Garlock', 'Valentine', 4),
(2924, 'Billy.Kina@edu.ece.fr', 'XLIvGlJ}WZ', 'Kina', 'Billy', 4),
(2923, 'Douglass.Dart@edu.ece.fr', 'HVq&O]LFM!', 'Dart', 'Douglass', 4),
(2922, 'Joshua.Nault@edu.ece.fr', 'v5a[BwjMdH', 'Nault', 'Joshua', 4),
(2921, 'Jae.Dorn@edu.ece.fr', 'NeB{2P?S{G', 'Dorn', 'Jae', 4),
(2920, 'Marcy.Gibson@edu.ece.fr', 'dEVUz^[s66', 'Gibson', 'Marcy', 4),
(2919, 'Olen.Lex@edu.ece.fr', ']b;3TA^v4V', 'Lex', 'Olen', 4),
(2918, 'Mickey.Farabee@edu.ece.fr', 'Bd^abeFQw]', 'Farabee', 'Mickey', 4),
(2917, 'Ahmed.Villalta@edu.ece.fr', 'XEe0P#{nqE', 'Villalta', 'Ahmed', 4),
(2916, 'Stefania.Hadnot@edu.ece.fr', 'neqvUlrI59', 'Hadnot', 'Stefania', 4),
(2915, 'Rolando.Heyman@edu.ece.fr', '10IVYH3N@L', 'Heyman', 'Rolando', 4),
(2914, 'Erwin.Simmons@edu.ece.fr', 'zB^QwMBhcv', 'Simmons', 'Erwin', 4),
(2913, 'Frances.Merrit@edu.ece.fr', 'Vjj6faNEWg', 'Merrit', 'Frances', 4),
(2912, 'Alphonso.Haire@edu.ece.fr', '%/@Ocy8hxl', 'Haire', 'Alphonso', 4),
(2911, 'Zane.Dearth@edu.ece.fr', 'ui40YvsDft', 'Dearth', 'Zane', 4),
(2910, 'Haywood.Estes@edu.ece.fr', 'i7h}hKVBYv', 'Estes', 'Haywood', 4),
(2909, 'Edmund.Quijas@edu.ece.fr', 'U%?nF5zK@M', 'Quijas', 'Edmund', 4),
(2908, 'Jamey.Michaels@edu.ece.fr', 'eV2LAiK}iU', 'Michaels', 'Jamey', 4),
(2907, 'Kristine.Pillai@edu.ece.fr', 'UGvOz^FtV!', 'Pillai', 'Kristine', 4),
(2906, 'Marketta.Hofman@edu.ece.fr', '}B@S2ct}3T', 'Hofman', 'Marketta', 4),
(2905, 'Denver.Batalla@edu.ece.fr', 'n{^f2goi#I', 'Batalla', 'Denver', 4),
(2904, 'Lizzie.Rathbone@edu.ece.fr', 'exeoube#ym', 'Rathbone', 'Lizzie', 4),
(2903, 'Everette.Bethune@edu.ece.fr', 'YPBTS0@n3R', 'Bethune', 'Everette', 4),
(2902, 'Sacha.Maday@edu.ece.fr', 'MD1bFE^fZQ', 'Maday', 'Sacha', 4),
(2901, 'Tuan.Varnadoe@edu.ece.fr', 'ocRzQaKymk', 'Varnadoe', 'Tuan', 4),
(2900, 'George.Sperber@edu.ece.fr', '&1}oJhVKvW', 'Sperber', 'George', 4),
(2899, 'Verlie.Vines@edu.ece.fr', '!@ViuNo}M0', 'Vines', 'Verlie', 4),
(2898, 'Garfield.Therrien@edu.ece.fr', ']dnIsRsq^;', 'Therrien', 'Garfield', 4),
(2897, 'Rochelle.Groman@edu.ece.fr', '4ysOn#/puf', 'Groman', 'Rochelle', 4),
(2896, 'Sharee.Gerling@edu.ece.fr', 'W2K&B4&OCp', 'Gerling', 'Sharee', 4),
(2895, 'Christine.Newborn@edu.ece.fr', 'r}}uNKqzPE', 'Newborn', 'Christine', 4),
(2894, 'Rodrick.Gracie@edu.ece.fr', 'q]!2bf%OP!', 'Gracie', 'Rodrick', 4),
(2893, 'Ma.Godbey@edu.ece.fr', 'lyXlBicAeu', 'Godbey', 'Ma', 4),
(2892, 'Rudolf.Kipp@edu.ece.fr', '}XF1?FeS6E', 'Kipp', 'Rudolf', 4),
(2891, 'Alex.Fried@edu.ece.fr', 'SHy9b?wDtD', 'Fried', 'Alex', 4),
(2890, 'Hunter.Lever@edu.ece.fr', 'UOl@!nnGGj', 'Lever', 'Hunter', 4),
(2889, 'Renaldo.Brant@edu.ece.fr', '0A2iusIaqL', 'Brant', 'Renaldo', 4),
(2888, 'Kurt.Ang@edu.ece.fr', '0vozOZ&Gs@', 'Ang', 'Kurt', 4),
(2887, 'Chong.Mackson@edu.ece.fr', '6hxEoh{kBx', 'Mackson', 'Chong', 4),
(2886, 'Stanton.Casagrande@edu.ece.fr', 'ho##bE]w?h', 'Casagrande', 'Stanton', 4),
(2885, 'Loren.Wisdom@edu.ece.fr', '2!WrnjJ#@g', 'Wisdom', 'Loren', 4),
(2884, 'Chadwick.Toups@edu.ece.fr', 'ghB{#S#u7B', 'Toups', 'Chadwick', 4),
(2883, 'Hosea.Welke@edu.ece.fr', 'Coj7nLyhfj', 'Welke', 'Hosea', 4),
(2882, 'Tracey.Yokoyama@edu.ece.fr', '}a19Qc^nj9', 'Yokoyama', 'Tracey', 4),
(2881, 'Edwin.Cotton@edu.ece.fr', '@{[9{XQRl[', 'Cotton', 'Edwin', 4),
(2880, 'Jackelyn.Nida@edu.ece.fr', 'P8Nd5gv2G5', 'Nida', 'Jackelyn', 4),
(2879, 'Reina.Depp@edu.ece.fr', 'k0!FE1zbwS', 'Depp', 'Reina', 4),
(2878, 'Dexter.Bunner@edu.ece.fr', 'qq4JaJaA@f', 'Bunner', 'Dexter', 4),
(2877, 'Marcel.Moretti@edu.ece.fr', 'Im{Xu2sv3p', 'Moretti', 'Marcel', 4),
(2876, 'Jesse.Sackrider@edu.ece.fr', 'h/4Q[8iXA3', 'Sackrider', 'Jesse', 4),
(2875, 'Jeffrey.Cudd@edu.ece.fr', 'IFc7uy&/o]', 'Cudd', 'Jeffrey', 4),
(2874, 'Armand.Kagawa@edu.ece.fr', 'W97d/T6}Y[', 'Kagawa', 'Armand', 4),
(2873, 'Camellia.Reeder@edu.ece.fr', 'xvNSOJ%w3k', 'Reeder', 'Camellia', 4),
(2872, 'Kieth.Munsey@edu.ece.fr', '5/a[oaZAzK', 'Munsey', 'Kieth', 4),
(2871, 'Garret.Greeno@edu.ece.fr', 'M#cr?W[oBB', 'Greeno', 'Garret', 4),
(2870, 'Chung.Toohey@edu.ece.fr', '}3yqQJBc!0', 'Toohey', 'Chung', 4),
(2869, 'Luigi.Abron@edu.ece.fr', '^5A/T;aPGc', 'Abron', 'Luigi', 4),
(2868, 'Vernon.Finnell@edu.ece.fr', 'tOsHLJbVMn', 'Finnell', 'Vernon', 4),
(2867, 'Shon.Bortz@edu.ece.fr', 'w[N^[y6IL^', 'Bortz', 'Shon', 4),
(2866, 'Garret.Weidner@edu.ece.fr', 'c9!V9%MG]^', 'Weidner', 'Garret', 4),
(2865, 'Long.Cali@edu.ece.fr', 'ylP7ER@uGs', 'Cali', 'Long', 4),
(2864, 'Yuri.Riffle@edu.ece.fr', 'EoOo?rAF2W', 'Riffle', 'Yuri', 4),
(2863, 'Dirk.Ciriaco@edu.ece.fr', ']hK91K#8QD', 'Ciriaco', 'Dirk', 4),
(2862, 'Percy.Bardin@edu.ece.fr', 'SCi@2hI@TZ', 'Bardin', 'Percy', 4),
(2861, 'Bobby.Heid@edu.ece.fr', 'p[kbQ9#e9D', 'Heid', 'Bobby', 4),
(2860, 'Bert.Dear@edu.ece.fr', '1vV2Nor;Db', 'Dear', 'Bert', 4),
(2859, 'Stanton.Mendell@edu.ece.fr', 'r[6a7Kx!C9', 'Mendell', 'Stanton', 4),
(2858, 'Lorette.Briones@edu.ece.fr', 'A11^CRADZ@', 'Briones', 'Lorette', 4),
(2857, 'Doyle.Sigala@edu.ece.fr', 'qB7y!MJ;Mx', 'Sigala', 'Doyle', 4),
(2856, 'Chase.Mccarter@edu.ece.fr', 'MEi6zAL5}2', 'Mccarter', 'Chase', 4),
(2855, 'Gale.Magner@edu.ece.fr', 'kctRfE29Z;', 'Magner', 'Gale', 4),
(2854, 'Benedict.Trail@edu.ece.fr', '2x{PTZhAHg', 'Trail', 'Benedict', 4),
(2853, 'Latesha.Wiedman@edu.ece.fr', 'JWCP6^X78d', 'Wiedman', 'Latesha', 4),
(2852, 'Carroll.Drey@edu.ece.fr', 'RfRes%z/6e', 'Drey', 'Carroll', 4),
(2851, 'Alexis.Vallee@edu.ece.fr', 'N/OlPsQ&7U', 'Vallee', 'Alexis', 4),
(2850, 'Reginald.Grinder@edu.ece.fr', 'Z%K%osi6;n', 'Grinder', 'Reginald', 4),
(2849, 'Carlton.Lebleu@edu.ece.fr', '8X^L9pq]4S', 'Lebleu', 'Carlton', 4),
(2848, 'Tashia.Kimbrel@edu.ece.fr', 'F5TPd14}8p', 'Kimbrel', 'Tashia', 4),
(2847, 'Willard.Drost@edu.ece.fr', '%M#86Ioxwf', 'Drost', 'Willard', 4),
(2846, 'Temeka.Reily@edu.ece.fr', '7V]bOgqM^U', 'Reily', 'Temeka', 4),
(2845, 'Mario.Hruby@edu.ece.fr', '^gf661KWPP', 'Hruby', 'Mario', 4),
(2844, 'Josiah.Orellana@edu.ece.fr', 'qSMkC?!Wg9', 'Orellana', 'Josiah', 4),
(2843, 'Jan.Bachand@edu.ece.fr', 'MjmZqrzNQc', 'Bachand', 'Jan', 4),
(2842, 'Graig.Weidemann@edu.ece.fr', 'SN!j4JxjUY', 'Weidemann', 'Graig', 4),
(2841, 'Rob.Kroger@edu.ece.fr', '{jZCx%9S8S', 'Kroger', 'Rob', 4),
(2840, 'Rosalinda.Renshaw@edu.ece.fr', 'oiZmn25C}Z', 'Renshaw', 'Rosalinda', 4),
(2839, 'Rosario.Marrow@edu.ece.fr', '!VrD4;aN{J', 'Marrow', 'Rosario', 4),
(2838, 'Elias.Hartigan@edu.ece.fr', '^a]iPpiL2F', 'Hartigan', 'Elias', 4),
(2837, 'Jamison.Dearmond@edu.ece.fr', '1nHl^[hF8D', 'Dearmond', 'Jamison', 4),
(2836, 'Boyd.Hohn@edu.ece.fr', 'h;Vq&Rlvuv', 'Hohn', 'Boyd', 4),
(2835, 'Otis.Gaines@edu.ece.fr', '&XbMsmdexh', 'Gaines', 'Otis', 4),
(2834, 'Juan.Marquardt@edu.ece.fr', 'Lfst2MgL1k', 'Marquardt', 'Juan', 4),
(2833, 'Guy.Jessop@edu.ece.fr', 'S2N%1B&3!c', 'Jessop', 'Guy', 4),
(2832, 'Sam.Seybert@edu.ece.fr', ';ZfT@4;OXL', 'Seybert', 'Sam', 4),
(2831, 'Fermin.Tolman@edu.ece.fr', 'fqQZp5L?Jl', 'Tolman', 'Fermin', 4),
(2830, 'Kelsie.Madore@edu.ece.fr', 'ci!q!4Jach', 'Madore', 'Kelsie', 4),
(2829, 'Marquis.Lovell@edu.ece.fr', 'LW{DkLeBN^', 'Lovell', 'Marquis', 4),
(2828, 'Tyler.Eiland@edu.ece.fr', 'j/EADHq}X9', 'Eiland', 'Tyler', 4),
(2827, 'Effie.Hamlett@edu.ece.fr', 'lfW!&HMZXC', 'Hamlett', 'Effie', 4),
(2826, 'Gregg.Charley@edu.ece.fr', 'jh#/7CC!AL', 'Charley', 'Gregg', 4),
(2825, 'Michal.Gann@edu.ece.fr', 'N89DV5xye1', 'Gann', 'Michal', 4),
(2824, 'Yong.Mccaster@edu.ece.fr', 'xday!}A3VL', 'Mccaster', 'Yong', 4),
(2823, 'Adrian.Bundy@edu.ece.fr', 'ZIT198fDsM', 'Bundy', 'Adrian', 4),
(2822, 'Jeromy.Ertle@edu.ece.fr', 'oSs[j5Y]DV', 'Ertle', 'Jeromy', 4),
(2821, 'Dennis.Celestine@edu.ece.fr', 'O?VbDVqyfE', 'Celestine', 'Dennis', 4),
(2820, 'Alesha.Sass@edu.ece.fr', 'oW}8&!PfUq', 'Sass', 'Alesha', 4),
(2819, 'Jamal.Sciacca@edu.ece.fr', 'N7cIat5lMY', 'Sciacca', 'Jamal', 4),
(2818, 'Junior.Cohan@edu.ece.fr', 'Mm01Tq2V}B', 'Cohan', 'Junior', 4),
(2817, 'Anne.Cantrell@edu.ece.fr', 'TfZx[YOG}R', 'Cantrell', 'Anne', 4),
(2816, 'Brett.Moorehouse@edu.ece.fr', 'kD&vpo%6yG', 'Moorehouse', 'Brett', 4),
(2815, 'Francesco.Haner@edu.ece.fr', 'pqI[Asqmmx', 'Haner', 'Francesco', 4),
(2814, 'Brain.Eden@edu.ece.fr', '@37Sd/CJHX', 'Eden', 'Brain', 4),
(2813, 'Stanton.Quirion@edu.ece.fr', 'dX!5lDSSA/', 'Quirion', 'Stanton', 4),
(2812, 'Winter.Mcfarling@edu.ece.fr', '01wCkjH/xr', 'Mcfarling', 'Winter', 4),
(2811, 'Val.Pelton@edu.ece.fr', 'Kfo25^bj[[', 'Pelton', 'Val', 4),
(2810, 'Stanley.Banner@edu.ece.fr', '/qtxUK[dp3', 'Banner', 'Stanley', 4),
(2809, 'Sol.Searles@edu.ece.fr', 'd/GRX1#FQo', 'Searles', 'Sol', 4),
(2808, 'Gustavo.Mailman@edu.ece.fr', 'F%9oRK7JHh', 'Mailman', 'Gustavo', 4),
(2807, 'Jamal.Forney@edu.ece.fr', 'aB6zn[Nf;O', 'Forney', 'Jamal', 4),
(2806, 'Gustavo.Denver@edu.ece.fr', '!pGC[z]Pl#', 'Denver', 'Gustavo', 4),
(2805, 'Fred.Manzo@edu.ece.fr', '4DF1H70kkJ', 'Manzo', 'Fred', 4),
(2804, 'Calvin.Seto@edu.ece.fr', 'L^x%VN@18Y', 'Seto', 'Calvin', 4),
(2803, 'Eloy.Dillion@edu.ece.fr', 'T&?pS3EWv7', 'Dillion', 'Eloy', 4),
(2802, 'Tobias.Barfield@edu.ece.fr', '[7cGgUr13V', 'Barfield', 'Tobias', 4),
(2801, 'Hugo.Baylis@edu.ece.fr', 'A?TUcoF1CK', 'Baylis', 'Hugo', 4),
(2800, 'Lucien.Walk@edu.ece.fr', 'LHCAPq}Z;R', 'Walk', 'Lucien', 4),
(2799, 'Beverley.Tilson@edu.ece.fr', 'X@ndAw8/Ms', 'Tilson', 'Beverley', 4),
(2798, 'Omer.Leal@edu.ece.fr', 'XwUsR5{WDt', 'Leal', 'Omer', 4),
(2797, 'Stefan.Sankey@edu.ece.fr', '7NRyuG!t5r', 'Sankey', 'Stefan', 4),
(2796, 'Mitchell.Ludlum@edu.ece.fr', '790FqolV]X', 'Ludlum', 'Mitchell', 4),
(2795, 'Lloyd.Rodreguez@edu.ece.fr', 'D7YYxrgdBq', 'Rodreguez', 'Lloyd', 4),
(2794, 'Leif.Almodovar@edu.ece.fr', 'Qpk#e5#mv[', 'Almodovar', 'Leif', 4),
(2793, 'Elden.Leider@edu.ece.fr', 'n#;UC^Hhiv', 'Leider', 'Elden', 4),
(2792, 'Kanisha.Sobel@edu.ece.fr', 'QaqCFEfh&C', 'Sobel', 'Kanisha', 4),
(2791, 'Hipolito.Servantes@edu.ece.fr', '[4?vkA8;YU', 'Servantes', 'Hipolito', 4),
(2790, 'Maria.Cowger@edu.ece.fr', 'qGMIaD%P3d', 'Cowger', 'Maria', 4),
(2789, 'Josef.Sheehan@edu.ece.fr', '4Jx0soI7M3', 'Sheehan', 'Josef', 4),
(2788, 'Daniel.Lowenstein@edu.ece.fr', 'rx%imbi%0c', 'Lowenstein', 'Daniel', 4),
(2787, 'Courtney.Luick@edu.ece.fr', ';q%DwNET9]', 'Luick', 'Courtney', 4),
(2786, 'Wiley.Conners@edu.ece.fr', 'kINBwYiamf', 'Conners', 'Wiley', 4),
(2785, 'Vicente.Nowland@edu.ece.fr', 'GZe[s%T]5p', 'Nowland', 'Vicente', 4),
(2784, 'Shad.Carabello@edu.ece.fr', '3vSoTS9qcW', 'Carabello', 'Shad', 4),
(2783, 'Gita.Pettengill@edu.ece.fr', 'QlKZaI!8%T', 'Pettengill', 'Gita', 4),
(2782, 'Alexander.Newlon@edu.ece.fr', '%ciU{}@2zE', 'Newlon', 'Alexander', 4),
(2781, 'Barry.Brigmond@edu.ece.fr', 'zTIH5l@@X0', 'Brigmond', 'Barry', 4),
(2780, 'Horacio.Garabedian@edu.ece.fr', 'E3JsnsPt/G', 'Garabedian', 'Horacio', 4),
(2779, 'Devin.Hilt@edu.ece.fr', 'D1QRECb#QF', 'Hilt', 'Devin', 4),
(2778, 'Deon.Delong@edu.ece.fr', '@3VwfnCJe6', 'Delong', 'Deon', 4),
(2777, 'Terrence.Faux@edu.ece.fr', 'pzwFHhvGmU', 'Faux', 'Terrence', 4),
(2776, 'Dewayne.Kiger@edu.ece.fr', 't]k%qfS5y3', 'Kiger', 'Dewayne', 4),
(2775, 'Gilbert.Cranston@edu.ece.fr', 'xG[5#mg4!{', 'Cranston', 'Gilbert', 4),
(2774, 'Jarod.Sloan@edu.ece.fr', 'XA2WpYZN97', 'Sloan', 'Jarod', 4),
(2773, 'Malcom.Clewis@edu.ece.fr', 'w68Webp4rd', 'Clewis', 'Malcom', 4),
(2772, 'Percy.Holman@edu.ece.fr', '1@d2]0JMyP', 'Holman', 'Percy', 4),
(2771, 'Bud.Forshey@edu.ece.fr', 'u!!aSPo/Fi', 'Forshey', 'Bud', 4),
(2770, 'Terence.Elkin@edu.ece.fr', 'e;Pp/]AQ[0', 'Elkin', 'Terence', 4),
(2769, 'Michel.Wedderburn@edu.ece.fr', 'L3OukYiP?v', 'Wedderburn', 'Michel', 4),
(2768, 'Monroe.Ocegueda@edu.ece.fr', 'Fqx6ek4HxB', 'Ocegueda', 'Monroe', 4),
(2767, 'Felecia.Clubb@edu.ece.fr', 'ISr2bp?2;8', 'Clubb', 'Felecia', 4),
(2766, 'Gerardo.Tuft@edu.ece.fr', '/3RXAM;d7k', 'Tuft', 'Gerardo', 4),
(2765, 'Mui.Sumner@edu.ece.fr', 'kzjI?PtoxV', 'Sumner', 'Mui', 4),
(2764, 'Maple.Pai@edu.ece.fr', 'VNmO3PMY5p', 'Pai', 'Maple', 4),
(2763, 'Dane.Cordova@edu.ece.fr', 'j;2MPwxYp6', 'Cordova', 'Dane', 4),
(2762, 'Buster.Sill@edu.ece.fr', 'Ato9X0L^{4', 'Sill', 'Buster', 4),
(2761, 'Frank.Signor@edu.ece.fr', '0M#Q]]/J19', 'Signor', 'Frank', 4),
(2760, 'Bertha.Ludlum@edu.ece.fr', '%l!wt9tO{Q', 'Ludlum', 'Bertha', 4),
(2759, 'Buck.Grams@edu.ece.fr', 'LAl?0fjo@F', 'Grams', 'Buck', 4),
(2758, 'Archie.Tobias@edu.ece.fr', 'k%U6bWlQzy', 'Tobias', 'Archie', 4),
(2757, 'Fernando.Merideth@edu.ece.fr', 'SAVHQ^Q46X', 'Merideth', 'Fernando', 4),
(2756, 'Elden.Calico@edu.ece.fr', '^f[zQ@ne{m', 'Calico', 'Elden', 4),
(2755, 'Minh.Sever@edu.ece.fr', 'XDg1vWav{M', 'Sever', 'Minh', 4),
(2754, 'Houston.Stegall@edu.ece.fr', 'JrMu;j]qN]', 'Stegall', 'Houston', 4),
(2753, 'Brian.Sheehy@edu.ece.fr', 'B#J3iZB@;/', 'Sheehy', 'Brian', 4),
(2752, 'Georgia.Phu@edu.ece.fr', '7m%&9dlG%V', 'Phu', 'Georgia', 4),
(2751, 'Tanner.Leonetti@edu.ece.fr', 'CrQ{4FeLrC', 'Leonetti', 'Tanner', 4),
(2750, 'Kurtis.Steenberg@edu.ece.fr', '{jusb8}PcE', 'Steenberg', 'Kurtis', 4),
(2749, 'Gerard.Merrit@edu.ece.fr', 'glE#}h9KcE', 'Merrit', 'Gerard', 4),
(2748, 'Arnulfo.Poll@edu.ece.fr', 'Nlka5skI]Y', 'Poll', 'Arnulfo', 4),
(2747, 'Ricardo.Gilliard@edu.ece.fr', 'CJ;TL!2RNk', 'Gilliard', 'Ricardo', 4),
(2746, 'Joesph.Cai@edu.ece.fr', '3vTe2uk]Zl', 'Cai', 'Joesph', 4),
(2745, 'Dong.Luff@edu.ece.fr', '[W;SLn[^/4', 'Luff', 'Dong', 4),
(2744, 'Reggie.Simoes@edu.ece.fr', '}u47]OPrWb', 'Simoes', 'Reggie', 4),
(2743, 'Scotty.Stellhorn@edu.ece.fr', 'U/B?MB0jJ3', 'Stellhorn', 'Scotty', 4),
(2742, 'Gilbert.Croke@edu.ece.fr', 'xFV@1p4LiP', 'Croke', 'Gilbert', 4),
(2741, 'Geoffrey.Kiss@edu.ece.fr', 'VmpZfW88M4', 'Kiss', 'Geoffrey', 4),
(2740, 'Mary.Stauffer@edu.ece.fr', 'IFI9quEs9a', 'Stauffer', 'Mary', 4),
(2739, 'Jeffry.Horace@edu.ece.fr', '177daJGdMn', 'Horace', 'Jeffry', 4),
(2738, 'Desmond.Tomlinson@edu.ece.fr', 'RmP5/tb8}G', 'Tomlinson', 'Desmond', 4),
(2737, 'Gustavo.Liptak@edu.ece.fr', '7zq&D6pvTj', 'Liptak', 'Gustavo', 4),
(2736, 'Delia.Bohner@edu.ece.fr', 'qpey@x4tZM', 'Bohner', 'Delia', 4),
(2735, 'Mana.Pion@edu.ece.fr', '@L{Z%SBRST', 'Pion', 'Mana', 4),
(2734, 'Eliseo.Whetstone@edu.ece.fr', 'tDxxV8[I4d', 'Whetstone', 'Eliseo', 4),
(2733, 'Jess.Sleeper@edu.ece.fr', 'aBwU24O;C{', 'Sleeper', 'Jess', 4),
(2732, 'Houston.Alcott@edu.ece.fr', '^DUzqZUm2y', 'Alcott', 'Houston', 4),
(2731, 'Brain.Sabado@edu.ece.fr', 'B2^RZz%0ek', 'Sabado', 'Brain', 4),
(2730, 'Alton.Gascon@edu.ece.fr', 'E;35CEBvaW', 'Gascon', 'Alton', 4),
(2729, 'Marcelino.Rameriz@edu.ece.fr', '{DJsa!J6la', 'Rameriz', 'Marcelino', 4),
(2728, 'Kip.Learn@edu.ece.fr', '%]y;p]TW2z', 'Learn', 'Kip', 4),
(2727, 'Granville.Kerr@edu.ece.fr', 'RahKPjP6WH', 'Kerr', 'Granville', 4),
(2726, 'Kraig.Lauderdale@edu.ece.fr', 'hpqi[ue!y]', 'Lauderdale', 'Kraig', 4),
(2725, 'Santos.Matinez@edu.ece.fr', 'Bkqg;{oCAw', 'Matinez', 'Santos', 4),
(2724, 'Inge.Dieter@edu.ece.fr', '8{VJ4g0Lc[', 'Dieter', 'Inge', 4),
(2723, 'Maxwell.Atwood@edu.ece.fr', 'brx5rlnIED', 'Atwood', 'Maxwell', 4),
(2722, 'Jamar.Gatlin@edu.ece.fr', '5z&bZ2Bd^X', 'Gatlin', 'Jamar', 4),
(2721, 'German.Achorn@edu.ece.fr', 'pq0wYZVqi[', 'Achorn', 'German', 4),
(2720, 'Delmar.Bothwell@edu.ece.fr', 'Du4z4GOYYS', 'Bothwell', 'Delmar', 4),
(2719, 'Ambrose.Fritsche@edu.ece.fr', 'z%O&VtkJoM', 'Fritsche', 'Ambrose', 4),
(2718, 'Tom.Lafler@edu.ece.fr', '#dQ{4L]Z@N', 'Lafler', 'Tom', 4),
(2717, 'Shin.Stoodley@edu.ece.fr', 'Y![woDxOKI', 'Stoodley', 'Shin', 4),
(2716, 'Ryann.Parlin@edu.ece.fr', '&k08[FUJdq', 'Parlin', 'Ryann', 4),
(2715, 'Zack.Arndt@edu.ece.fr', 'Rk!y[#?%hJ', 'Arndt', 'Zack', 4),
(2714, 'Carey.Winkleman@edu.ece.fr', 'ly05Vlzp;v', 'Winkleman', 'Carey', 4),
(2713, 'Virgil.Scogin@edu.ece.fr', 'W0#^uHiavZ', 'Scogin', 'Virgil', 4),
(2712, 'Eura.Mullenix@edu.ece.fr', 'twGVgaVIVM', 'Mullenix', 'Eura', 4),
(2711, 'Norris.Summerville@edu.ece.fr', 's!C4IU3Fg%', 'Summerville', 'Norris', 4),
(2710, 'Elwood.Saracino@edu.ece.fr', 'XXCm0iAHWW', 'Saracino', 'Elwood', 4),
(2709, 'Gregorio.Denning@edu.ece.fr', 'fcnc@g8P!f', 'Denning', 'Gregorio', 4),
(2708, 'Dee.Garn@edu.ece.fr', '%pu6pqDt7!', 'Garn', 'Dee', 4),
(2707, 'Norbert.Rowles@edu.ece.fr', 'xaW]^kE;3T', 'Rowles', 'Norbert', 4),
(2706, 'Tomas.Mcgivney@edu.ece.fr', '#Li53ITW5P', 'Mcgivney', 'Tomas', 4),
(2705, 'Neil.Gouin@edu.ece.fr', '&vj3Rbr7}K', 'Gouin', 'Neil', 4),
(2704, 'Laraine.Greear@edu.ece.fr', 'C&k%}ANVB7', 'Greear', 'Laraine', 4),
(2703, 'Kali.Maule@edu.ece.fr', 'eYzAYC{hm?', 'Maule', 'Kali', 4),
(2702, 'Drew.Hairston@edu.ece.fr', '9[fh]NtORM', 'Hairston', 'Drew', 4),
(2701, 'Theodore.Waage@edu.ece.fr', '/D93&z18/!', 'Waage', 'Theodore', 4),
(2700, 'Jame.Defranco@edu.ece.fr', 'N/dgKTAlAp', 'Defranco', 'Jame', 4),
(2699, 'Bruce.Poirrier@edu.ece.fr', 'n6fkK1nS[0', 'Poirrier', 'Bruce', 4),
(2698, 'Kory.Wendel@edu.ece.fr', 'qu1NBG1YMZ', 'Wendel', 'Kory', 4),
(2697, 'Chau.Garces@edu.ece.fr', 'Qa2acwOxW5', 'Garces', 'Chau', 4),
(2696, 'Robby.Mcglade@edu.ece.fr', 'vGFv6Dd&cw', 'Mcglade', 'Robby', 4),
(2695, 'Mallory.Parise@edu.ece.fr', '&[1GTBNgA@', 'Parise', 'Mallory', 4),
(2694, 'Marylee.Frink@edu.ece.fr', 'L!#fQcE^Sj', 'Frink', 'Marylee', 4),
(2693, 'Lincoln.Maner@edu.ece.fr', 'JZdgqTu5s]', 'Maner', 'Lincoln', 4),
(2692, 'Maple.Villafana@edu.ece.fr', '?yLJA]I&SD', 'Villafana', 'Maple', 4),
(2691, 'Shara.Kessel@edu.ece.fr', 'BPDNz&xF9K', 'Kessel', 'Shara', 4),
(2690, 'Phillip.Silvester@edu.ece.fr', 'l{[G[J;xK0', 'Silvester', 'Phillip', 4),
(2689, 'Haydee.Sandstrom@edu.ece.fr', '7ZKhvL]poH', 'Sandstrom', 'Haydee', 4),
(2688, 'Alva.Deerman@edu.ece.fr', 'Fn;}%7cpxe', 'Deerman', 'Alva', 4),
(2687, 'Rafael.Delara@edu.ece.fr', 'YPvlDg!uWG', 'Delara', 'Rafael', 4),
(2686, 'Desmond.Warshaw@edu.ece.fr', '?Zc/&]c]5/', 'Warshaw', 'Desmond', 4),
(2685, 'Tobi.Callery@edu.ece.fr', '36hDmxFPcy', 'Callery', 'Tobi', 4),
(2684, 'Elvis.Pressey@edu.ece.fr', 'c^Qx8N5X1m', 'Pressey', 'Elvis', 4),
(2683, 'William.Deskin@edu.ece.fr', 'mGh#%Hfbk&', 'Deskin', 'William', 4),
(2682, 'Jeffry.Lewis@edu.ece.fr', '/GCMwL;IU/', 'Lewis', 'Jeffry', 4),
(2681, 'Refugio.Boster@edu.ece.fr', 'y1GD#uk23F', 'Boster', 'Refugio', 4),
(2680, 'Amos.Gift@edu.ece.fr', 'YDK727UTgV', 'Gift', 'Amos', 4),
(2679, 'Joey.Caraway@edu.ece.fr', ';R@^nbF#eb', 'Caraway', 'Joey', 4),
(2678, 'Alphonso.Hinnant@edu.ece.fr', 'V9P?t&zT#/', 'Hinnant', 'Alphonso', 4),
(2677, 'Damien.Dice@edu.ece.fr', 'lMSR5ojK4}', 'Dice', 'Damien', 4),
(2676, 'Nathanial.Slankard@edu.ece.fr', '8/4]ywA}B4', 'Slankard', 'Nathanial', 4),
(2675, 'Haywood.Forester@edu.ece.fr', 'sgN%&jZpI3', 'Forester', 'Haywood', 4),
(2674, 'Kelli.Vanderhoof@edu.ece.fr', 'sdI?BN80!l', 'Vanderhoof', 'Kelli', 4),
(2673, 'Elroy.Swanberg@edu.ece.fr', 'bzx2&paIAP', 'Swanberg', 'Elroy', 4),
(2672, 'Karl.Dwight@edu.ece.fr', '}/?jo/;jjY', 'Dwight', 'Karl', 4),
(2671, 'Edwin.Leatham@edu.ece.fr', 'wS8kM4/g{c', 'Leatham', 'Edwin', 4),
(2670, 'Virgil.Aguas@edu.ece.fr', 'z%FXGcEK4G', 'Aguas', 'Virgil', 4),
(2669, 'Wilbert.Teske@edu.ece.fr', 'FVWP3JCm[c', 'Teske', 'Wilbert', 4),
(2668, 'Mitch.Arana@edu.ece.fr', '/dj&x19^xy', 'Arana', 'Mitch', 4),
(2667, 'Alexander.Raker@edu.ece.fr', 'hA1hf!9%R!', 'Raker', 'Alexander', 4),
(2666, 'Margarito.Kramp@edu.ece.fr', '3fml!eur]i', 'Kramp', 'Margarito', 4),
(2665, 'Jonas.Krebsbach@edu.ece.fr', 'Z}!eNxd22o', 'Krebsbach', 'Jonas', 4),
(2664, 'Kenny.Weisser@edu.ece.fr', 'a1[lqElgXY', 'Weisser', 'Kenny', 4),
(2663, 'Joanie.Ploof@edu.ece.fr', 'hIZ^}IZvZM', 'Ploof', 'Joanie', 4),
(2662, 'Columbus.Choudhury@edu.ece.fr', 'B}1b8#!;Ih', 'Choudhury', 'Columbus', 4),
(2661, 'Garfield.Basden@edu.ece.fr', '00XQ%vNi8a', 'Basden', 'Garfield', 4),
(2660, 'Winfred.Brannan@edu.ece.fr', '%ulv%tNfCE', 'Brannan', 'Winfred', 4),
(2659, 'Christopher.Bulmer@edu.ece.fr', 'E^b[8nM5SF', 'Bulmer', 'Christopher', 4),
(2658, 'Cristopher.Tutino@edu.ece.fr', '^fo3}e[gQY', 'Tutino', 'Cristopher', 4),
(2657, 'Isreal.Leland@edu.ece.fr', 'NeLpuAXnKD', 'Leland', 'Isreal', 4),
(2656, 'Gaylord.Vero@edu.ece.fr', 'B@mNmSRrwh', 'Vero', 'Gaylord', 4),
(2655, 'Harley.Mclester@edu.ece.fr', 'sMQ3O@[?8w', 'Mclester', 'Harley', 4),
(2654, 'Lee.Bolding@edu.ece.fr', '!P9E!5!Hg8', 'Bolding', 'Lee', 4),
(2653, 'Estefana.Styer@edu.ece.fr', 'xE2K7W9k5s', 'Styer', 'Estefana', 4),
(2652, 'Fredric.Neese@edu.ece.fr', ']MWW!#u46P', 'Neese', 'Fredric', 4),
(2651, 'Josef.Manzi@edu.ece.fr', 'AzE1e!U!I[', 'Manzi', 'Josef', 4),
(2650, 'Bobbie.Finan@edu.ece.fr', 'yN8uyJZ/pN', 'Finan', 'Bobbie', 4),
(2649, 'Douglas.Bostwick@edu.ece.fr', 'fWhXFj;#sV', 'Bostwick', 'Douglas', 4),
(2648, 'Ambrose.Beshears@edu.ece.fr', 'HYH{vIXOrm', 'Beshears', 'Ambrose', 4),
(2647, 'Quentin.Colletti@edu.ece.fr', 'C2mRg&Fq/S', 'Colletti', 'Quentin', 4),
(2646, 'Tyree.Leleux@edu.ece.fr', 'mc#o&HpgV{', 'Leleux', 'Tyree', 4),
(2645, 'Mike.Pinney@edu.ece.fr', 'H#Y{07NU?R', 'Pinney', 'Mike', 4),
(2644, 'Catherina.Hopple@edu.ece.fr', '{[qrWfeXEc', 'Hopple', 'Catherina', 4),
(2643, 'Emmett.Ackles@edu.ece.fr', '/#m1F[rmI?', 'Ackles', 'Emmett', 4),
(2642, 'Tommy.Lever@edu.ece.fr', 'V6C9sBvXk%', 'Lever', 'Tommy', 4),
(2641, 'Hoyt.Preston@edu.ece.fr', 'M0O^T%PVv!', 'Preston', 'Hoyt', 4),
(2640, 'Akiko.Fillmore@edu.ece.fr', 'R&?xc#]%Cl', 'Fillmore', 'Akiko', 4),
(2639, 'Chu.Gammon@edu.ece.fr', 'mB!]lQ^5so', 'Gammon', 'Chu', 4),
(2638, 'Arlen.Mcmackin@edu.ece.fr', 'FX&0ZNuK]&', 'Mcmackin', 'Arlen', 4),
(2637, 'Mathew.Mchenry@edu.ece.fr', '2RHrb?0@jt', 'Mchenry', 'Mathew', 4),
(2636, 'Kiera.Amburn@edu.ece.fr', '41ri{zYwb5', 'Amburn', 'Kiera', 4),
(2635, 'Harold.Hinton@edu.ece.fr', 'KN^soS0qI9', 'Hinton', 'Harold', 4),
(2634, 'Dewey.Sedillo@edu.ece.fr', 'CQAlBmKYxK', 'Sedillo', 'Dewey', 4),
(2633, 'Christinia.Raia@edu.ece.fr', '0q11dE5!]I', 'Raia', 'Christinia', 4),
(2632, 'Maxwell.Musselwhite@edu.ece.fr', 'PxVlKCIN1a', 'Musselwhite', 'Maxwell', 4),
(2631, 'Roman.Hynek@edu.ece.fr', ';&jB?Wx[8D', 'Hynek', 'Roman', 4),
(2630, 'Danial.Rydberg@edu.ece.fr', 'NbW1I?^;X5', 'Rydberg', 'Danial', 4),
(2629, 'Hayden.Bjelland@edu.ece.fr', '&7d#;uNh3k', 'Bjelland', 'Hayden', 4),
(2628, 'Erin.Hora@edu.ece.fr', 'vsn[iSmWeP', 'Hora', 'Erin', 4),
(2627, 'Johnson.Whitmer@edu.ece.fr', '&yAQ0FvXXi', 'Whitmer', 'Johnson', 4),
(2626, 'Paris.Wolfgang@edu.ece.fr', ';oxeb[IY6b', 'Wolfgang', 'Paris', 4),
(2625, 'Randolph.Berkley@edu.ece.fr', '7slKjwjPyK', 'Berkley', 'Randolph', 4),
(2624, 'Marshall.Bissell@edu.ece.fr', 'llRHLV#Agr', 'Bissell', 'Marshall', 4),
(2623, 'Clemente.Drummer@edu.ece.fr', 'su3J6Ut}jh', 'Drummer', 'Clemente', 4),
(2622, 'Beatrice.Tebbs@edu.ece.fr', 'SG#wvqGW3o', 'Tebbs', 'Beatrice', 4),
(2621, 'Pearline.Boggess@edu.ece.fr', '{]&xVn?o]t', 'Boggess', 'Pearline', 4),
(2620, 'Alberto.Foxwell@edu.ece.fr', 'BbBaGTd[4b', 'Foxwell', 'Alberto', 4),
(2619, 'Royal.Tsan@edu.ece.fr', 'tcut%ej[t[', 'Tsan', 'Royal', 4),
(2618, 'Jonathan.Sauers@edu.ece.fr', 'X{]gbuah{t', 'Sauers', 'Jonathan', 4),
(2617, 'Dewitt.Ostroff@edu.ece.fr', '9XKXiasmhT', 'Ostroff', 'Dewitt', 4),
(2616, 'Silas.Giannini@edu.ece.fr', '68Ql8%WgUo', 'Giannini', 'Silas', 4),
(2615, 'Shelia.Herold@edu.ece.fr', 'hx8Rp8/rq]', 'Herold', 'Shelia', 4),
(2614, 'Lester.Weibel@edu.ece.fr', 'nrv9z%fNYF', 'Weibel', 'Lester', 4),
(2613, 'Marya.Verges@edu.ece.fr', 'zFLlf{VABv', 'Verges', 'Marya', 4),
(2612, 'Eduardo.Seiber@edu.ece.fr', '97{r5!AFBy', 'Seiber', 'Eduardo', 4),
(2611, 'Alejandro.Zucker@edu.ece.fr', 'PPgoUIJH7N', 'Zucker', 'Alejandro', 4),
(2610, 'Joshua.Dunnington@edu.ece.fr', 'mjibkGxc8I', 'Dunnington', 'Joshua', 4),
(2609, 'Toby.Sheilds@edu.ece.fr', '@o@g^@@^cz', 'Sheilds', 'Toby', 4),
(2608, 'Dean.Wald@edu.ece.fr', 'ZTdrr6z?R&', 'Wald', 'Dean', 4),
(2607, 'Karisa.Fregoe@edu.ece.fr', 'wTO#0iGL@n', 'Fregoe', 'Karisa', 4),
(2606, 'Jordon.Boedeker@edu.ece.fr', '?CT/[&cJGe', 'Boedeker', 'Jordon', 4),
(2605, 'Merlin.Goldberger@edu.ece.fr', '8^aJEO{ir&', 'Goldberger', 'Merlin', 4),
(2604, 'Rodger.Montufar@edu.ece.fr', '&O29XE1Gry', 'Montufar', 'Rodger', 4),
(2603, 'Harland.Merle@edu.ece.fr', '[5IR0QOZ3}', 'Merle', 'Harland', 4),
(2602, 'Wiley.Bonenfant@edu.ece.fr', '9Tjyk2?J{L', 'Bonenfant', 'Wiley', 4),
(2601, 'Bernie.Maddalena@edu.ece.fr', 'gwXXgP0X0c', 'Maddalena', 'Bernie', 4),
(2600, 'Karrie.Bookout@edu.ece.fr', 'D5^lO27GL0', 'Bookout', 'Karrie', 4),
(2599, 'Williams.Avilla@edu.ece.fr', 'UZAvFxlJCR', 'Avilla', 'Williams', 4),
(2598, 'Malka.Christina@edu.ece.fr', '5Z4rcCX5h;', 'Christina', 'Malka', 4),
(2597, 'Collin.Barkley@edu.ece.fr', '&gWhtLnTku', 'Barkley', 'Collin', 4),
(2596, 'Roscoe.Odaniel@edu.ece.fr', '8IgMLLC@Jc', 'Odaniel', 'Roscoe', 4),
(2595, 'Del.Finnen@edu.ece.fr', 'j#xMrFeW]L', 'Finnen', 'Del', 4),
(2594, 'Santos.Boykin@edu.ece.fr', '!bS/upsHzP', 'Boykin', 'Santos', 4),
(2593, 'Cristopher.Liska@edu.ece.fr', 'OnSII[{#6d', 'Liska', 'Cristopher', 4),
(2592, 'Claude.Skelley@edu.ece.fr', 't0No@9Dp/L', 'Skelley', 'Claude', 4),
(2591, 'Bo.Henriksen@edu.ece.fr', 'Wk{X&^Phuz', 'Henriksen', 'Bo', 4),
(2590, 'Alfredo.Legler@edu.ece.fr', 'y7P@nQqks[', 'Legler', 'Alfredo', 4),
(2589, 'Rex.Titsworth@edu.ece.fr', 'IKWiUjM[kO', 'Titsworth', 'Rex', 4),
(2588, 'Marco.Averett@edu.ece.fr', 'fL3eGO;KUu', 'Averett', 'Marco', 4),
(2587, 'Penny.Perdue@edu.ece.fr', 'B0eGB&sfAq', 'Perdue', 'Penny', 4),
(2586, 'Giovanni.Scher@edu.ece.fr', 'OChBF6VKNY', 'Scher', 'Giovanni', 4),
(2585, 'Nakesha.Garcia@edu.ece.fr', 'V/WF}Z2Op9', 'Garcia', 'Nakesha', 4),
(2584, 'Hal.Cianciolo@edu.ece.fr', '[2txN[QIZ;', 'Cianciolo', 'Hal', 4),
(2583, 'Rex.Rodrigue@edu.ece.fr', 'UbQ2/]ssZO', 'Rodrigue', 'Rex', 4),
(2582, 'Jolynn.Quinteros@edu.ece.fr', 'D[l[^LfO5Q', 'Quinteros', 'Jolynn', 4),
(2581, 'Chet.Forney@edu.ece.fr', 'M^^dKkTTaw', 'Forney', 'Chet', 4),
(2580, 'Laurence.Manly@edu.ece.fr', 'A7bUItZ^0h', 'Manly', 'Laurence', 4),
(2579, 'Jarod.Bonifacio@edu.ece.fr', 'NnWhHUZGIy', 'Bonifacio', 'Jarod', 4),
(2578, 'Ken.Luton@edu.ece.fr', 'Gt&0CjGzB6', 'Luton', 'Ken', 4),
(2577, 'Eldridge.Gaudet@edu.ece.fr', 'u3Sz6Rt3k]', 'Gaudet', 'Eldridge', 4),
(2576, 'Kraig.Vivier@edu.ece.fr', '7po6^B!rOJ', 'Vivier', 'Kraig', 4),
(2575, 'Hilma.Maskell@edu.ece.fr', 'TOjyStpSUj', 'Maskell', 'Hilma', 4),
(2574, 'Garth.Blowe@edu.ece.fr', '^QZ%w3#&bk', 'Blowe', 'Garth', 4),
(2573, 'Cyrus.Caywood@edu.ece.fr', 'KZN!JQadJx', 'Caywood', 'Cyrus', 4),
(2572, 'Dewitt.Hartwig@edu.ece.fr', '{wQNa&Cc96', 'Hartwig', 'Dewitt', 4),
(2571, 'Moises.Keas@edu.ece.fr', '#Lk!9Bm6Vw', 'Keas', 'Moises', 4),
(2570, 'Loren.Petters@edu.ece.fr', 'Etk;RSlMhn', 'Petters', 'Loren', 4),
(2569, 'Faviola.Cranfill@edu.ece.fr', 'HA#rg}9oLV', 'Cranfill', 'Faviola', 4),
(2568, 'Diego.Lint@edu.ece.fr', 'nqLT5QyBI!', 'Lint', 'Diego', 4),
(2567, 'Cornell.Sperry@edu.ece.fr', 'tIWa!JvppR', 'Sperry', 'Cornell', 4),
(2566, 'Millard.Siefert@edu.ece.fr', 'Xs{ctQud39', 'Siefert', 'Millard', 4),
(2565, 'Sylvester.Kinne@edu.ece.fr', 'kkLDiCg#?O', 'Kinne', 'Sylvester', 4),
(2564, 'Nelson.Shouse@edu.ece.fr', 'hgutzb!4ET', 'Shouse', 'Nelson', 4),
(2563, 'Rene.Morrissette@edu.ece.fr', 'svx{2UsyzZ', 'Morrissette', 'Rene', 4),
(2562, 'Johnathon.Mabon@edu.ece.fr', 'tiAlPaZhXB', 'Mabon', 'Johnathon', 4),
(2561, 'Edgar.Nieves@edu.ece.fr', 'i;P[c&vrN4', 'Nieves', 'Edgar', 4),
(2560, 'Chet.Gaudet@edu.ece.fr', 'Hm&{fbl4p4', 'Gaudet', 'Chet', 4),
(2559, 'Diego.Fillmore@edu.ece.fr', 's&VBbLn^Ci', 'Fillmore', 'Diego', 4),
(2558, 'Ken.Creek@edu.ece.fr', '6bylck@8rD', 'Creek', 'Ken', 4),
(2557, 'Eldon.Halterman@edu.ece.fr', 'BWy&IQqekP', 'Halterman', 'Eldon', 4),
(2556, 'Gregory.Hollier@edu.ece.fr', '6^8TBm^?gY', 'Hollier', 'Gregory', 4),
(2555, 'Long.Hash@edu.ece.fr', 'xP6mG[/R8c', 'Hash', 'Long', 4),
(2554, 'Harrison.Michaelis@edu.ece.fr', '[@evy@8LZP', 'Michaelis', 'Harrison', 4),
(2553, 'Vince.Beyers@edu.ece.fr', 'uN[%pE![^x', 'Beyers', 'Vince', 4),
(2552, 'Coleman.Brabham@edu.ece.fr', 'OANAKi;gYW', 'Brabham', 'Coleman', 4),
(2551, 'Arlie.Mazzoni@edu.ece.fr', 'Q!S!7E}A;k', 'Mazzoni', 'Arlie', 4),
(2550, 'Bailey.Frisby@edu.ece.fr', 'R9ouKer1HK', 'Frisby', 'Bailey', 4),
(2549, 'Aleshia.Dykema@edu.ece.fr', 'IEK@X?7?op', 'Dykema', 'Aleshia', 4),
(2548, 'Damian.Bethel@edu.ece.fr', 'c}oOqMwWs2', 'Bethel', 'Damian', 4),
(2547, 'Rocco.Perri@edu.ece.fr', '}zG&&BO@KB', 'Perri', 'Rocco', 4),
(2546, 'Mel.Ryerson@edu.ece.fr', 'bLJ2f0m0tv', 'Ryerson', 'Mel', 4),
(2545, 'Adolfo.Waddington@edu.ece.fr', 'D0P/l3#FR{', 'Waddington', 'Adolfo', 4),
(2544, 'Lindsay.Brendel@edu.ece.fr', '}aew5NzTp1', 'Brendel', 'Lindsay', 4),
(2543, 'Gaylord.Snell@edu.ece.fr', 'KExTK7@Ap^', 'Snell', 'Gaylord', 4),
(2542, 'Lyman.Chapdelaine@edu.ece.fr', 'D1ITri#!zV', 'Chapdelaine', 'Lyman', 4),
(2541, 'Hayden.Yanni@edu.ece.fr', 'KZdkW;^wmI', 'Yanni', 'Hayden', 4),
(2540, 'Lavern.Nibert@edu.ece.fr', 'tLQFaRI?g0', 'Nibert', 'Lavern', 4),
(2539, 'Von.Matthews@edu.ece.fr', 'but3g4Gw6X', 'Matthews', 'Von', 4),
(2538, 'Clair.Boykin@edu.ece.fr', 'OyCQp#m@Mt', 'Boykin', 'Clair', 4),
(2537, 'Roni.Broadus@edu.ece.fr', 'rrB8M0B?gI', 'Broadus', 'Roni', 4),
(2536, 'Lyndon.Clukey@edu.ece.fr', 'rfCnx/YVPY', 'Clukey', 'Lyndon', 4),
(2535, 'Stephan.Studdard@edu.ece.fr', 'O#ok#kx!b#', 'Studdard', 'Stephan', 4),
(2534, 'Minh.Keenan@edu.ece.fr', 'G@MP{t/fUP', 'Keenan', 'Minh', 4),
(2533, 'Robin.Petrella@edu.ece.fr', 'W5azbHQ/TF', 'Petrella', 'Robin', 4),
(2532, 'Monroe.Zaldivar@edu.ece.fr', 'Pn&T[vtN?z', 'Zaldivar', 'Monroe', 4),
(2531, 'Calista.Mcconnaughy@edu.ece.fr', '&O3xVwXMTH', 'Mcconnaughy', 'Calista', 4),
(2530, 'Rhett.Karam@edu.ece.fr', 'P19^H0Ky9?', 'Karam', 'Rhett', 4),
(2529, 'Bo.Stetler@edu.ece.fr', '9}wDQ7[7AP', 'Stetler', 'Bo', 4),
(2528, 'Justin.Cartier@edu.ece.fr', 'Af[nJ?%28x', 'Cartier', 'Justin', 4),
(2527, 'Darryl.Seekins@edu.ece.fr', 'UdeXq9l4ot', 'Seekins', 'Darryl', 4),
(2526, 'Julius.Secor@edu.ece.fr', 'jrvHUOW20h', 'Secor', 'Julius', 4),
(2525, 'Jesus.Sattler@edu.ece.fr', '}hONe?Le{e', 'Sattler', 'Jesus', 4),
(2524, 'Lindsey.Redfern@edu.ece.fr', 'su3Ld3M!e&', 'Redfern', 'Lindsey', 4),
(2523, 'Antoine.Jude@edu.ece.fr', 'TN7QXz1AXV', 'Jude', 'Antoine', 4),
(2522, 'Barrett.Carreiro@edu.ece.fr', 'rS20zf/E!w', 'Carreiro', 'Barrett', 4),
(2521, 'Horacio.Trinkle@edu.ece.fr', 'TMmCFwT]e[', 'Trinkle', 'Horacio', 4),
(2520, 'Robt.Wadleigh@edu.ece.fr', 'YXmw7O[5#?', 'Wadleigh', 'Robt', 4),
(2519, 'Morris.Matta@edu.ece.fr', '&&S^Te7i8Q', 'Matta', 'Morris', 4),
(2518, 'Easter.Hensen@edu.ece.fr', 'NH7nxjVuwf', 'Hensen', 'Easter', 4),
(2517, 'Renato.Six@edu.ece.fr', 'w9uu%MgEtE', 'Six', 'Renato', 4),
(2516, 'Del.Lundquist@edu.ece.fr', '1[XN{{3Gc!', 'Lundquist', 'Del', 4),
(2515, 'Elisha.Klemme@edu.ece.fr', '&Jl50VEU1e', 'Klemme', 'Elisha', 4),
(2514, 'Cherry.Pasternak@edu.ece.fr', '4/VWTj#6fk', 'Pasternak', 'Cherry', 4),
(2513, 'Clement.Fleetwood@edu.ece.fr', 'Ir4#dXbcz[', 'Fleetwood', 'Clement', 4),
(2512, 'Zack.Westray@edu.ece.fr', '%y1wl[xmj;', 'Westray', 'Zack', 4),
(2511, 'Mai.Helgren@edu.ece.fr', 'qlvYopawL%', 'Helgren', 'Mai', 4),
(2510, 'Star.Ennis@edu.ece.fr', 'HUCqMqDyAy', 'Ennis', 'Star', 4),
(2509, 'Mitchell.Wallander@edu.ece.fr', 'IkaPS!NO^l', 'Wallander', 'Mitchell', 4),
(2508, 'Floyd.Marotta@edu.ece.fr', 'P2j6R@A9L7', 'Marotta', 'Floyd', 4),
(2507, 'Alton.Salsbury@edu.ece.fr', '8br8e]&V?q', 'Salsbury', 'Alton', 4),
(2506, 'Ignacio.Sitzes@edu.ece.fr', 'YIy^Vyzb8^', 'Sitzes', 'Ignacio', 4),
(2505, 'Barry.Rodgers@edu.ece.fr', 'r@7E%iOM9%', 'Rodgers', 'Barry', 4),
(2504, 'Emery.Lassen@edu.ece.fr', '@Kk2gYaxJV', 'Lassen', 'Emery', 4),
(2503, 'Carter.Everson@edu.ece.fr', 'fU2X&N%Eqw', 'Everson', 'Carter', 4),
(2502, 'Fredric.Bohanan@edu.ece.fr', '9AjYM1!A%E', 'Bohanan', 'Fredric', 4),
(2501, 'Jerrell.Banner@edu.ece.fr', 'INYOI@7JC#', 'Banner', 'Jerrell', 4),
(2500, 'Alexander.Maas@edu.ece.fr', 'rKec5^krm&', 'Maas', 'Alexander', 4),
(2499, 'Chandra.Burruss@edu.ece.fr', 'M0D9[wPAar', 'Burruss', 'Chandra', 4),
(2498, 'Grady.Rumore@edu.ece.fr', 'AmzZ?RKDu8', 'Rumore', 'Grady', 4),
(2497, 'Rudy.Styer@edu.ece.fr', 'dNYusO/?XC', 'Styer', 'Rudy', 4),
(2496, 'Corene.Blakes@edu.ece.fr', 'DIUr[KLZ0O', 'Blakes', 'Corene', 4),
(2495, 'Luther.Demayo@edu.ece.fr', ';z/8^!32k/', 'Demayo', 'Luther', 4),
(2494, 'Dwayne.Ketter@edu.ece.fr', 'X^0AQi!kJL', 'Ketter', 'Dwayne', 4),
(2493, 'Randolph.Heisler@edu.ece.fr', 'wi0UaauCV{', 'Heisler', 'Randolph', 4),
(2492, 'Royce.Kamen@edu.ece.fr', 'FC0@ONat?f', 'Kamen', 'Royce', 4),
(2491, 'Ronny.Balch@edu.ece.fr', 'iM0xEQ3PdM', 'Balch', 'Ronny', 4),
(2490, 'Bradley.Foard@edu.ece.fr', '@}#dmLbdU}', 'Foard', 'Bradley', 4),
(2489, 'Elton.Lowenstein@edu.ece.fr', 'l]YNlz3qQ;', 'Lowenstein', 'Elton', 4),
(2488, 'Adan.Brand@edu.ece.fr', 'a6P/#yuLpp', 'Brand', 'Adan', 4),
(2487, 'Mary.Fralick@edu.ece.fr', 'Q@]kHM2sto', 'Fralick', 'Mary', 4),
(2486, 'Otha.Dorris@edu.ece.fr', '4HMHv3oyco', 'Dorris', 'Otha', 4),
(2485, 'Noble.Currie@edu.ece.fr', 'QoJbnkk[SE', 'Currie', 'Noble', 4),
(2484, 'Stephen.Mota@edu.ece.fr', 'orZH2lw^SP', 'Mota', 'Stephen', 4),
(2483, 'Jacquelynn.Qualey@edu.ece.fr', 'X0hu[VBq6v', 'Qualey', 'Jacquelynn', 4),
(2482, 'Franklyn.Odoms@edu.ece.fr', 'rMn95YMuIi', 'Odoms', 'Franklyn', 4),
(2481, 'Sandy.Beisner@edu.ece.fr', ']pFGxCT&cQ', 'Beisner', 'Sandy', 4),
(2480, 'Elena.Dowd@edu.ece.fr', '4;V;k93eD}', 'Dowd', 'Elena', 4),
(2479, 'Reid.Coach@edu.ece.fr', '#2Vb3&tVe;', 'Coach', 'Reid', 4),
(2478, 'Josef.Sheeley@edu.ece.fr', 'V]OOcF}1N7', 'Sheeley', 'Josef', 4),
(2477, 'Wilton.Chichester@edu.ece.fr', '9BKtR&ParQ', 'Chichester', 'Wilton', 4),
(2476, 'Antone.Steve@edu.ece.fr', 'Zwd@xJa;^C', 'Steve', 'Antone', 4),
(2475, 'Oscar.Petrey@edu.ece.fr', '};T3A%2#NF', 'Petrey', 'Oscar', 4),
(2474, 'Elvis.Archie@edu.ece.fr', ';kCiOhdZW{', 'Archie', 'Elvis', 4),
(2473, 'Delmer.Necessary@edu.ece.fr', 'oVm/LSIN6z', 'Necessary', 'Delmer', 4),
(2472, 'Landon.Kennerly@edu.ece.fr', 'wHVWw6cHG7', 'Kennerly', 'Landon', 4),
(2471, 'Latasha.Hagood@edu.ece.fr', 'z^ZY9Z^n!;', 'Hagood', 'Latasha', 4),
(2470, 'Willian.Savedra@edu.ece.fr', '}Q3Ri/5^19', 'Savedra', 'Willian', 4),
(2469, 'Jarrod.Cutright@edu.ece.fr', 'iDLwCL}0KP', 'Cutright', 'Jarrod', 4),
(2468, 'Christa.Gunnerson@edu.ece.fr', ']unvuCMzep', 'Gunnerson', 'Christa', 4),
(2467, 'Raleigh.Wygant@edu.ece.fr', '0uFyRijZis', 'Wygant', 'Raleigh', 4),
(2466, 'Irvin.Channell@edu.ece.fr', 'M[L7STEQ&7', 'Channell', 'Irvin', 4),
(2465, 'Hung.Dent@edu.ece.fr', '?/b0I/UO4d', 'Dent', 'Hung', 4),
(2464, 'Mack.Liptak@edu.ece.fr', 'KJ0mWX0sRX', 'Liptak', 'Mack', 4),
(2463, 'Wilfredo.Sell@edu.ece.fr', 'm%Q3/1]f^[', 'Sell', 'Wilfredo', 4),
(2462, 'Werner.Roling@edu.ece.fr', 'XU&0ZHW[uc', 'Roling', 'Werner', 4),
(2461, 'Janiece.Leno@edu.ece.fr', 'JJqHwZ0uO[', 'Leno', 'Janiece', 4),
(2460, 'Kandi.Coplin@edu.ece.fr', 'dtdAjWK^pY', 'Coplin', 'Kandi', 4),
(2459, 'Benito.Rowser@edu.ece.fr', 'ygXVQSUaTp', 'Rowser', 'Benito', 4),
(2458, 'Chuck.Brickley@edu.ece.fr', 'LnhI4OvCWm', 'Brickley', 'Chuck', 4),
(2457, 'Deborah.Trickett@edu.ece.fr', 'dIZ/eyLsXF', 'Trickett', 'Deborah', 4),
(2456, 'Emanuel.Lawson@edu.ece.fr', 'wB#DDmbbie', 'Lawson', 'Emanuel', 4),
(2455, 'Vance.Lemen@edu.ece.fr', 'TSIS/Um5GT', 'Lemen', 'Vance', 4),
(2454, 'Maximo.Lagos@edu.ece.fr', 'i0}eVxz^hI', 'Lagos', 'Maximo', 4),
(2453, 'Katelin.Donat@edu.ece.fr', 'fgre#NILPx', 'Donat', 'Katelin', 4),
(2452, 'Hyo.Seery@edu.ece.fr', 'eTFJ{sD%;x', 'Seery', 'Hyo', 4),
(2451, 'Cristobal.Bost@edu.ece.fr', '}jWKWaMaFN', 'Bost', 'Cristobal', 4),
(2450, 'Alberto.Lovette@edu.ece.fr', 'rL%Q{dBCYc', 'Lovette', 'Alberto', 4),
(2449, 'Rolland.Simpler@edu.ece.fr', '/7MZWOTBjy', 'Simpler', 'Rolland', 4),
(2448, 'Maurice.Nesbitt@edu.ece.fr', 'nCQ}X[KsFR', 'Nesbitt', 'Maurice', 4),
(2447, 'Herman.Lavallie@edu.ece.fr', 'rinV}XP5hD', 'Lavallie', 'Herman', 4),
(2446, 'Logan.Buterbaugh@edu.ece.fr', '[2?9H4uSS2', 'Buterbaugh', 'Logan', 4),
(2445, 'Ervin.Oyler@edu.ece.fr', '!iJsRO?Ser', 'Oyler', 'Ervin', 4),
(2444, 'Rafael.Michels@edu.ece.fr', 'mo^M5WI&?5', 'Michels', 'Rafael', 4),
(2443, 'Jordan.Gehling@edu.ece.fr', '?gNc15Bdsu', 'Gehling', 'Jordan', 4),
(2442, 'Arnold.Creel@edu.ece.fr', 'ize7TVc9%M', 'Creel', 'Arnold', 4),
(2441, 'Sherry.Bosh@edu.ece.fr', 'w776koy}gR', 'Bosh', 'Sherry', 4),
(2440, 'Lazaro.Fraher@edu.ece.fr', 'Ql4KZ%Co6Z', 'Fraher', 'Lazaro', 4),
(2439, 'Sandy.Fells@edu.ece.fr', '915uCl34Rg', 'Fells', 'Sandy', 4),
(2438, 'Andreas.Seeman@edu.ece.fr', 'kFbh!NY3j/', 'Seeman', 'Andreas', 4),
(2437, 'Son.Quinn@edu.ece.fr', 'eh6YY6NRU]', 'Quinn', 'Son', 4),
(2436, 'Boris.Isaacson@edu.ece.fr', ']4vEFm6nj#', 'Isaacson', 'Boris', 4),
(2435, 'Porter.Marcano@edu.ece.fr', 'eQP{1F;0oI', 'Marcano', 'Porter', 4),
(2434, 'Laurence.Ridout@edu.ece.fr', 'U?OOZ[}F2k', 'Ridout', 'Laurence', 4),
(2433, 'Bart.Koger@edu.ece.fr', 'GjRIPo3wm^', 'Koger', 'Bart', 4),
(2432, 'Jack.Oster@edu.ece.fr', '9RSsCR{E7C', 'Oster', 'Jack', 4),
(2431, 'Rich.Delay@edu.ece.fr', '{UfkpYAt1S', 'Delay', 'Rich', 4),
(2430, 'Man.Aldana@edu.ece.fr', 'Wp/KeE%dVb', 'Aldana', 'Man', 4),
(2429, 'Neville.Coombe@edu.ece.fr', 'b^!M&wU8bm', 'Coombe', 'Neville', 4),
(2428, 'Nellie.Golding@edu.ece.fr', '9x!^&trGpd', 'Golding', 'Nellie', 4),
(2427, 'Contessa.Chenard@edu.ece.fr', 'i5@1I5iIb@', 'Chenard', 'Contessa', 4),
(2426, 'Ezequiel.Mcconkey@edu.ece.fr', 'k7T#OChH;b', 'Mcconkey', 'Ezequiel', 4),
(2425, 'Bradford.Duet@edu.ece.fr', 'YO9B[q%2e&', 'Duet', 'Bradford', 4),
(2424, 'Dorie.Gaut@edu.ece.fr', 'bmE#Yff%v7', 'Gaut', 'Dorie', 4),
(2423, 'Kieth.Burling@edu.ece.fr', 'GFXksNuy0w', 'Burling', 'Kieth', 4),
(2422, 'Terrance.Wimbush@edu.ece.fr', 'LCUvLalmkx', 'Wimbush', 'Terrance', 4),
(2421, 'Luke.Biggerstaff@edu.ece.fr', 'WAbqzxiYP/', 'Biggerstaff', 'Luke', 4),
(2420, 'Chong.Boyster@edu.ece.fr', '[}qcw;k8B]', 'Boyster', 'Chong', 4),
(2419, 'Mikel.Lingle@edu.ece.fr', 't4{RLyDJTw', 'Lingle', 'Mikel', 4),
(2418, 'Laverne.Wolski@edu.ece.fr', 'Q9[Alw[trT', 'Wolski', 'Laverne', 4),
(2417, 'Brenna.Lima@edu.ece.fr', 'kQRD1DU3AD', 'Lima', 'Brenna', 4),
(2416, 'Timmy.Woodham@edu.ece.fr', '@1iOPY6hta', 'Woodham', 'Timmy', 4),
(2415, 'Rupert.Vasko@edu.ece.fr', ';cB@rXB29b', 'Vasko', 'Rupert', 4),
(2414, 'Merle.Denley@edu.ece.fr', '/mgFDV@Ngm', 'Denley', 'Merle', 4),
(2413, 'Winfred.Barham@edu.ece.fr', '7dSxB&L@XV', 'Barham', 'Winfred', 4),
(2412, 'Peter.Day@edu.ece.fr', 'ah0vy[DJj2', 'Day', 'Peter', 4),
(2411, 'Jess.Phou@edu.ece.fr', 'gyh?mlFQwD', 'Phou', 'Jess', 4),
(2410, 'Abe.Pugsley@edu.ece.fr', 'O7smu0wqA}', 'Pugsley', 'Abe', 4),
(2409, 'Saul.Duarte@edu.ece.fr', 'ZK}fPCk&xz', 'Duarte', 'Saul', 4),
(2408, 'Doretha.Zehnder@edu.ece.fr', 'PEOEBkEl^D', 'Zehnder', 'Doretha', 4),
(2407, 'Ahmad.Cromartie@edu.ece.fr', '[ZWmWpPH&m', 'Cromartie', 'Ahmad', 4),
(2406, 'Avery.Wier@edu.ece.fr', 'bD^mm{45t4', 'Wier', 'Avery', 4),
(2405, 'Young.Brightman@edu.ece.fr', 'wDR!GdFQMV', 'Brightman', 'Young', 4),
(2404, 'Audra.Andry@edu.ece.fr', 'KwyCBNeerf', 'Andry', 'Audra', 4),
(2403, 'Antoinette.Obannon@edu.ece.fr', '[Xi4^jpru?', 'Obannon', 'Antoinette', 4),
(2402, 'Jospeh.Zipp@edu.ece.fr', 'wG}s{HmI2i', 'Zipp', 'Jospeh', 4),
(2401, 'Lester.Glass@edu.ece.fr', 'J3yVVv{{?F', 'Glass', 'Lester', 4),
(2400, 'Karoline.Haskin@edu.ece.fr', 'kh7Y{0ll}L', 'Haskin', 'Karoline', 4),
(2399, 'Jessica.Haro@edu.ece.fr', '?x4h]9Z77I', 'Haro', 'Jessica', 4),
(2398, 'Hector.Blackledge@edu.ece.fr', '3RMEHV2Snw', 'Blackledge', 'Hector', 4),
(2397, 'Ambrose.Lozano@edu.ece.fr', 'PXl0k5nL0y', 'Lozano', 'Ambrose', 4),
(2396, 'Lincoln.Ascencio@edu.ece.fr', '4]i!4XMgIL', 'Ascencio', 'Lincoln', 4),
(2395, 'Trina.Drysdale@edu.ece.fr', 'OmZvx41q9a', 'Drysdale', 'Trina', 4),
(2394, 'Carl.Hiney@edu.ece.fr', 'u2S^q@pWkx', 'Hiney', 'Carl', 4),
(2393, 'Stuart.Heyd@edu.ece.fr', 'eeYvxJst/?', 'Heyd', 'Stuart', 4),
(2392, 'Jamey.Bhatti@edu.ece.fr', 'x^sI?ce&ah', 'Bhatti', 'Jamey', 4),
(2391, 'Otto.Bernal@edu.ece.fr', 'RHZajyHBQI', 'Bernal', 'Otto', 4),
(2390, 'August.Brummett@edu.ece.fr', 'mZNKM8JDhh', 'Brummett', 'August', 4),
(2389, 'Laraine.Sydow@edu.ece.fr', 'di[P{v}tyZ', 'Sydow', 'Laraine', 4),
(2388, 'Abraham.Pak@edu.ece.fr', 'c8s/1j%KW1', 'Pak', 'Abraham', 4),
(2387, 'Joseph.Brumett@edu.ece.fr', '?&[g2FnF4W', 'Brumett', 'Joseph', 4),
(2386, 'Johnna.Mcmonagle@edu.ece.fr', 'FENY%^3XW@', 'Mcmonagle', 'Johnna', 4),
(2385, 'Mitch.Mckelvy@edu.ece.fr', 'jhhEKkwxRd', 'Mckelvy', 'Mitch', 4),
(2384, 'Elisha.Lamore@edu.ece.fr', 'WRxr[ZfFTe', 'Lamore', 'Elisha', 4),
(2383, 'Rodrick.Peppler@edu.ece.fr', 'ClcbMtSDIe', 'Peppler', 'Rodrick', 4),
(2382, 'Clemente.Gunnels@edu.ece.fr', '/yly;rwdJ#', 'Gunnels', 'Clemente', 4),
(2381, 'Sol.Murley@edu.ece.fr', 'pzi9s@!KV^', 'Murley', 'Sol', 4),
(2380, 'Blake.Dowell@edu.ece.fr', '3j8hQtADgY', 'Dowell', 'Blake', 4),
(2379, 'Bart.Venne@edu.ece.fr', 'IUi6XZKdaN', 'Venne', 'Bart', 4),
(2378, 'Albert.Lyman@edu.ece.fr', 'epYm;kiahv', 'Lyman', 'Albert', 4),
(2377, 'Donnell.Pershall@edu.ece.fr', '&a;8{]WWUD', 'Pershall', 'Donnell', 4),
(2376, 'Seth.Old@edu.ece.fr', 'YfsSFUm/wJ', 'Old', 'Seth', 4),
(2375, 'Olen.Reinhold@edu.ece.fr', '0q}8UW&6Li', 'Reinhold', 'Olen', 4),
(2374, 'Nakita.Malcolm@edu.ece.fr', 'Dh&X^UZ[cL', 'Malcolm', 'Nakita', 4),
(2373, 'Sang.Bart@edu.ece.fr', 'fnW]ez[vaI', 'Bart', 'Sang', 4),
(2372, 'Rory.Bellanger@edu.ece.fr', '&?gfwZmOGm', 'Bellanger', 'Rory', 4),
(2371, 'Cleo.Dunmire@edu.ece.fr', ']hDc57aKm]', 'Dunmire', 'Cleo', 4),
(2370, 'May.Rymer@edu.ece.fr', 'SoUwJfpdgo', 'Rymer', 'May', 4),
(2369, 'Rowena.Cardinale@edu.ece.fr', 'Ax[4ehQ{9u', 'Cardinale', 'Rowena', 4),
(2368, 'Bradley.Bedford@edu.ece.fr', 'O3N/]YAjpe', 'Bedford', 'Bradley', 4),
(2367, 'Lucio.Pfeifer@edu.ece.fr', 'poGOyH!Ymu', 'Pfeifer', 'Lucio', 4),
(2366, 'Reynaldo.Craig@edu.ece.fr', 'IdIqz4Nszg', 'Craig', 'Reynaldo', 4),
(2365, 'Alvera.Vandenburg@edu.ece.fr', 'f@PQ9tFaGO', 'Vandenburg', 'Alvera', 4),
(2364, 'Garnett.Graziano@edu.ece.fr', 'Kq]V9r@OEp', 'Graziano', 'Garnett', 4),
(2363, 'Exie.Free@edu.ece.fr', '3m;yyzOxV7', 'Free', 'Exie', 4),
(2362, 'Davis.Yohn@edu.ece.fr', 'SJN^kjhMYd', 'Yohn', 'Davis', 4),
(2361, 'Ross.Cryer@edu.ece.fr', 'z%BrnM5RIY', 'Cryer', 'Ross', 4),
(2360, 'Antoine.Derosa@edu.ece.fr', '}!&^xxiA{n', 'Derosa', 'Antoine', 4),
(2359, 'Terri.Hannibal@edu.ece.fr', '%a}/WFxkwz', 'Hannibal', 'Terri', 4),
(2358, 'Karin.Brouwer@edu.ece.fr', '&SlUUYuZ{L', 'Brouwer', 'Karin', 4),
(2357, 'Onita.Hadley@edu.ece.fr', 'OES^mB^IU%', 'Hadley', 'Onita', 4),
(2356, 'Williams.Wurtz@edu.ece.fr', '!]7c/inUr^', 'Wurtz', 'Williams', 4),
(2355, 'Reda.Bedgood@edu.ece.fr', '5Ok@IAcF4Z', 'Bedgood', 'Reda', 4),
(2354, 'Malcom.Weglarz@edu.ece.fr', 'pf[QT57tAw', 'Weglarz', 'Malcom', 4),
(2353, 'Emerson.Walford@edu.ece.fr', 'f;ubV0uLVP', 'Walford', 'Emerson', 4),
(2352, 'Rhett.Canela@edu.ece.fr', '&37PDih93^', 'Canela', 'Rhett', 4),
(2351, 'Treasa.Lentz@edu.ece.fr', 'moTGWDo95n', 'Lentz', 'Treasa', 4),
(2350, 'Audrey.Verne@edu.ece.fr', 'YS#fzEf]tV', 'Verne', 'Audrey', 4),
(2349, 'Brad.Hagler@edu.ece.fr', ']dA{e6{b0E', 'Hagler', 'Brad', 4),
(2348, 'Marco.Ewan@edu.ece.fr', '%65}bCm?%l', 'Ewan', 'Marco', 4),
(2347, 'Vern.Christopherso@edu.ece.fr', '7xphZg4}W9', 'Christopherso', 'Vern', 4),
(2346, 'Jessie.Rackers@edu.ece.fr', 'mPh6BEp^?C', 'Rackers', 'Jessie', 4),
(2345, 'Seth.Vore@edu.ece.fr', 'AVkx/m2S]z', 'Vore', 'Seth', 4),
(2344, 'Otto.Norberg@edu.ece.fr', 'uwO30VkLCr', 'Norberg', 'Otto', 4),
(2343, 'Cathy.Tibbetts@edu.ece.fr', '5ZGeOtIRNQ', 'Tibbetts', 'Cathy', 4),
(2342, 'Aurelio.Nowacki@edu.ece.fr', '&8Hrlm8gTd', 'Nowacki', 'Aurelio', 4),
(2341, 'Willis.Magallon@edu.ece.fr', '0}ODSOMKtI', 'Magallon', 'Willis', 4),
(2340, 'Sharlene.Mcvey@edu.ece.fr', 'J52X@b!w?8', 'Mcvey', 'Sharlene', 4),
(2339, 'Claud.Bock@edu.ece.fr', 'eER;5tb5;6', 'Bock', 'Claud', 4),
(2338, 'Adolfo.Pietz@edu.ece.fr', '3IyYBw9PdI', 'Pietz', 'Adolfo', 4),
(2337, 'Orpha.Bayles@edu.ece.fr', 'Sy2[gwH/f&', 'Bayles', 'Orpha', 4),
(2336, 'Jules.Laubscher@edu.ece.fr', 'VeZgomlL?b', 'Laubscher', 'Jules', 4),
(2335, 'Genesis.Lichtenstein@edu.ece.fr', 'uShBUQwop8', 'Lichtenstein', 'Genesis', 4),
(2334, 'Vanna.Finklea@edu.ece.fr', 'L6%P^PS{lz', 'Finklea', 'Vanna', 4),
(2333, 'Guillermo.Gangi@edu.ece.fr', 'AUdtJ}[Aw?', 'Gangi', 'Guillermo', 4),
(2332, 'Lawerence.Delisa@edu.ece.fr', 'ba48ZvRhwS', 'Delisa', 'Lawerence', 4),
(2331, 'Cathrine.Yann@edu.ece.fr', '2KM%QzIyjh', 'Yann', 'Cathrine', 4),
(2330, 'Fernando.Burge@edu.ece.fr', 'xSh1WzHqy0', 'Burge', 'Fernando', 4),
(2329, 'Carroll.Riebe@edu.ece.fr', 'Mc!eRFz28X', 'Riebe', 'Carroll', 4),
(2328, 'Adam.Moles@edu.ece.fr', '^[eygj}M1v', 'Moles', 'Adam', 4),
(2327, 'Chas.Kaspar@edu.ece.fr', 'EAPU2j#mh#', 'Kaspar', 'Chas', 4),
(2326, 'Mohamed.Caplan@edu.ece.fr', 'EuAXwolrRX', 'Caplan', 'Mohamed', 4),
(2325, 'Abel.Eaton@edu.ece.fr', '#n3pPqzKw&', 'Eaton', 'Abel', 4),
(2324, 'Trang.Lamey@edu.ece.fr', '{GJaJ[!yGU', 'Lamey', 'Trang', 4),
(2323, 'Justa.Stebbins@edu.ece.fr', '{S8LYNudk5', 'Stebbins', 'Justa', 4),
(2322, 'Leif.Bergstrom@edu.ece.fr', 'mXIbgzcDtU', 'Bergstrom', 'Leif', 4),
(2321, 'Bret.Porta@edu.ece.fr', 'fr#%BmL5Nu', 'Porta', 'Bret', 4),
(2320, 'Ian.Prestidge@edu.ece.fr', 'aLEZ/Aje7q', 'Prestidge', 'Ian', 4),
(2319, 'Mitchell.Courter@edu.ece.fr', 'e#%AAR[rCJ', 'Courter', 'Mitchell', 4),
(2318, 'Sid.Hilgendorf@edu.ece.fr', 'sWJ7HJ%j#r', 'Hilgendorf', 'Sid', 4),
(2317, 'Robt.Lahr@edu.ece.fr', 'kwbuFgwWt3', 'Lahr', 'Robt', 4),
(2316, 'Jose.Daigle@edu.ece.fr', '&}aXIxyNvp', 'Daigle', 'Jose', 4),
(2315, 'Maria.Kissane@edu.ece.fr', '0C;e&?nwZ7', 'Kissane', 'Maria', 4),
(2314, 'Everette.Mentzer@edu.ece.fr', '5Z!4bSvH]l', 'Mentzer', 'Everette', 4),
(2313, 'Connie.Bernardi@edu.ece.fr', '/EsHMQQzu{', 'Bernardi', 'Connie', 4),
(2312, 'Tiffany.Leavens@edu.ece.fr', '1U]nQDqr6#', 'Leavens', 'Tiffany', 4),
(2311, 'Jaime.Lucht@edu.ece.fr', 't0O8XNq}E;', 'Lucht', 'Jaime', 4),
(2310, 'Laurence.Hannibal@edu.ece.fr', '%Vu;ye{n@L', 'Hannibal', 'Laurence', 4),
(2309, 'Thersa.Perin@edu.ece.fr', '/@ZM1QRAqn', 'Perin', 'Thersa', 4),
(2308, 'Britt.Wahl@edu.ece.fr', 'Mo7fODF;P@', 'Wahl', 'Britt', 4),
(2307, 'Bok.Efaw@edu.ece.fr', 'o1rbr#D[jb', 'Efaw', 'Bok', 4),
(2306, 'Leonardo.Petrovich@edu.ece.fr', 'alVcKlZSwg', 'Petrovich', 'Leonardo', 4),
(2305, 'Dino.Gaskamp@edu.ece.fr', 'K4cbUXdkBV', 'Gaskamp', 'Dino', 4),
(2304, 'Margarito.Crews@edu.ece.fr', 'r@^F[t3aSD', 'Crews', 'Margarito', 4),
(2303, 'Jayson.Stefani@edu.ece.fr', '&yhFyocS@Z', 'Stefani', 'Jayson', 4),
(2302, 'Carl.Allison@edu.ece.fr', 'heSV1Q7Hm}', 'Allison', 'Carl', 4),
(2301, 'Terry.Curro@edu.ece.fr', 'G1HfteI6yB', 'Curro', 'Terry', 4),
(2300, 'Donny.Stacks@edu.ece.fr', '?uN0B2t5x[', 'Stacks', 'Donny', 4),
(2299, 'Wilton.Throneberry@edu.ece.fr', '#aA7gQ2gM}', 'Throneberry', 'Wilton', 4),
(2298, 'Aleida.Tarwater@edu.ece.fr', '{TL&0r#uxS', 'Tarwater', 'Aleida', 4),
(2297, 'Colby.Meador@edu.ece.fr', '8{6tIy&8oa', 'Meador', 'Colby', 4),
(2296, 'Hobert.Loranger@edu.ece.fr', '!Inh0k%!kt', 'Loranger', 'Hobert', 4),
(2295, 'Stanford.Alberto@edu.ece.fr', '1CYIi?NuY@', 'Alberto', 'Stanford', 4),
(2294, 'Timothy.Eby@edu.ece.fr', 'gxK33JjKoZ', 'Eby', 'Timothy', 4),
(2293, 'Justin.Mauck@edu.ece.fr', 'l1h2X/F}Ju', 'Mauck', 'Justin', 4),
(2292, 'Lincoln.Tietjen@edu.ece.fr', 's^D/y5{;GQ', 'Tietjen', 'Lincoln', 4),
(2291, 'Ervin.Crunk@edu.ece.fr', 'tEL#c!Iy4D', 'Crunk', 'Ervin', 4),
(2290, 'Lynwood.Fleshman@edu.ece.fr', '?NM^!X4!DE', 'Fleshman', 'Lynwood', 4),
(2289, 'Jewell.Barber@edu.ece.fr', 'r9bR1lG3hQ', 'Barber', 'Jewell', 4),
(2288, 'Florencio.Bellew@edu.ece.fr', 'A%G;8EqlQp', 'Bellew', 'Florencio', 4),
(2287, 'Milford.Manzanares@edu.ece.fr', '!iNd]OtQHw', 'Manzanares', 'Milford', 4),
(2286, 'Elidia.Sapien@edu.ece.fr', 'Gfn1sBJPu?', 'Sapien', 'Elidia', 4),
(2285, 'Lance.Kreiger@edu.ece.fr', 'qrZu/yD3pG', 'Kreiger', 'Lance', 4),
(2284, 'Stacy.Tarbox@edu.ece.fr', 'mdj9IoQ9n]', 'Tarbox', 'Stacy', 4),
(2283, 'Zachary.Whitesides@edu.ece.fr', 'WoJ5e4G8VC', 'Whitesides', 'Zachary', 4),
(2282, 'Yaeko.Baine@edu.ece.fr', 'WS&gXNU4Jn', 'Baine', 'Yaeko', 4),
(2281, 'Nicky.Gerard@edu.ece.fr', 'djPDESO3iP', 'Gerard', 'Nicky', 4);
INSERT INTO `utilisateur` (`ID`, `Email`, `Password`, `Nom`, `Prenom`, `Droit`) VALUES
(2280, 'Neil.Smallwood@edu.ece.fr', 'v}{RlVntHO', 'Smallwood', 'Neil', 4),
(2279, 'Tod.Coronel@edu.ece.fr', 'B}b4%pMzqi', 'Coronel', 'Tod', 4),
(2278, 'Fredrick.Shoffner@edu.ece.fr', '2j;/k7q}JR', 'Shoffner', 'Fredrick', 4),
(2277, 'Hans.Reetz@edu.ece.fr', 'ZR^HZ#I1}7', 'Reetz', 'Hans', 4),
(2276, 'Jackson.Cortinas@edu.ece.fr', 'tMp8M?H;dF', 'Cortinas', 'Jackson', 4),
(2275, 'Dave.Breiner@edu.ece.fr', 'Tqw5MS7CdV', 'Breiner', 'Dave', 4),
(2274, 'Henry.Maben@edu.ece.fr', 'Y^#b;R7nyA', 'Maben', 'Henry', 4),
(2273, 'Sid.Leppert@edu.ece.fr', '!!MLXuJ5;?', 'Leppert', 'Sid', 4),
(2272, 'Clark.Vigo@edu.ece.fr', 'lUDEG6}3P[', 'Vigo', 'Clark', 4),
(2271, 'Miquel.Patridge@edu.ece.fr', '4jg^W}z%ip', 'Patridge', 'Miquel', 4),
(2270, 'Elden.Behler@edu.ece.fr', 'muXsOPm3^e', 'Behler', 'Elden', 4),
(2269, 'Cyril.Turcios@edu.ece.fr', '#qb3d!CkAr', 'Turcios', 'Cyril', 4),
(2268, 'Zula.Minott@edu.ece.fr', 'WPlf]tYvdB', 'Minott', 'Zula', 4),
(2267, 'Myron.Buresh@edu.ece.fr', 'HZnTx#zsyv', 'Buresh', 'Myron', 4),
(2266, 'Hedwig.Burlison@edu.ece.fr', 'rmfqR[;wzB', 'Burlison', 'Hedwig', 4),
(2265, 'Barney.Mcewen@edu.ece.fr', '40QbHXO[cy', 'Mcewen', 'Barney', 4),
(2264, 'Michel.Pries@edu.ece.fr', '7PCUZYFzE7', 'Pries', 'Michel', 4),
(2263, 'Rima.Mcwaters@edu.ece.fr', 'xYYLaSyRSL', 'Mcwaters', 'Rima', 4),
(2262, 'Emmitt.Ore@edu.ece.fr', 'JKaw3dbO%@', 'Ore', 'Emmitt', 4),
(2261, 'Lyman.Looper@edu.ece.fr', '9TAF^}/Fbc', 'Looper', 'Lyman', 4),
(2260, 'Charita.Landreneau@edu.ece.fr', 'DgV6V1IPlR', 'Landreneau', 'Charita', 4),
(2259, 'Jeramy.Vahle@edu.ece.fr', 'PI8ywT?[Q?', 'Vahle', 'Jeramy', 4),
(2258, 'Lesley.Yu@edu.ece.fr', 'Lsryxdq]uk', 'Yu', 'Lesley', 4),
(2257, 'Gordon.Kornfeld@edu.ece.fr', 'UCPTEW]rtl', 'Kornfeld', 'Gordon', 4),
(2256, 'Solomon.Margolis@edu.ece.fr', 'y/s6qyjC]E', 'Margolis', 'Solomon', 4),
(2255, 'Daron.Schuch@edu.ece.fr', 'OQ4EKrIWAK', 'Schuch', 'Daron', 4),
(2254, 'Napoleon.Emmick@edu.ece.fr', 'vYb4VlK7}x', 'Emmick', 'Napoleon', 4),
(2253, 'Chas.Rigo@edu.ece.fr', 'DwwAw}Yfp&', 'Rigo', 'Chas', 4),
(2252, 'Norbert.Gabor@edu.ece.fr', 'LM8DL?v{S?', 'Gabor', 'Norbert', 4),
(2251, 'Osvaldo.Moraga@edu.ece.fr', '?0cB0CHt/]', 'Moraga', 'Osvaldo', 4),
(2250, 'Vincent.Kovats@edu.ece.fr', '7&%GmZM!1T', 'Kovats', 'Vincent', 4),
(2249, 'Ninfa.Reddix@edu.ece.fr', 'ydm1cU5LQi', 'Reddix', 'Ninfa', 4),
(2248, 'Kenton.Grizzard@edu.ece.fr', '4%4xi%NCGv', 'Grizzard', 'Kenton', 4),
(2247, 'Salvador.Beaulieu@edu.ece.fr', 'Uv[y6H?vWH', 'Beaulieu', 'Salvador', 4),
(2246, 'Elma.Thibodeaux@edu.ece.fr', 'fStxhE5LD2', 'Thibodeaux', 'Elma', 4),
(2245, 'Clemencia.Barrier@edu.ece.fr', 'kpxPMX/UO;', 'Barrier', 'Clemencia', 4),
(2244, 'Norberto.Heidenreich@edu.ece.fr', '7q@l03Wkud', 'Heidenreich', 'Norberto', 4),
(2243, 'Stefan.Rocha@edu.ece.fr', 'EywdDvRB!p', 'Rocha', 'Stefan', 4),
(2242, 'Ruth.Mumaw@edu.ece.fr', 'F7OoL%4y^m', 'Mumaw', 'Ruth', 4),
(2241, 'Jesse.Forsman@edu.ece.fr', 'f]!gH#ZNcf', 'Forsman', 'Jesse', 4),
(2240, 'Mauro.Sainz@edu.ece.fr', 'R!PF#FI!Q@', 'Sainz', 'Mauro', 4),
(2239, 'Jimmie.Lewter@edu.ece.fr', 'Qxw/RwYW3y', 'Lewter', 'Jimmie', 4),
(2238, 'Edmund.Poudrier@edu.ece.fr', 'B@&2urGs9k', 'Poudrier', 'Edmund', 4),
(2237, 'Gaynelle.Hollingworth@edu.ece.fr', 'tqPP7]Piaq', 'Hollingworth', 'Gaynelle', 4),
(2236, 'Julio.Tinajero@edu.ece.fr', 'zh0w;XFrRh', 'Tinajero', 'Julio', 4),
(2235, 'Bee.Sang@edu.ece.fr', 'saiEKznW@f', 'Sang', 'Bee', 4),
(2234, 'Scottie.Hastie@edu.ece.fr', 'vZTR?Xxaop', 'Hastie', 'Scottie', 4),
(2233, 'Brant.Portalatin@edu.ece.fr', 'YunH/aBE7u', 'Portalatin', 'Brant', 4),
(2232, 'Burl.Michelin@edu.ece.fr', 'ALIod@WaE5', 'Michelin', 'Burl', 4),
(2231, 'Tommy.Ridgeway@edu.ece.fr', 'AH}D/CHZP?', 'Ridgeway', 'Tommy', 4),
(2230, 'Andres.Thorton@edu.ece.fr', 'ihH6/S[rYh', 'Thorton', 'Andres', 4),
(2229, 'Jack.Venters@edu.ece.fr', '6]H7Nf24#S', 'Venters', 'Jack', 4),
(2228, 'Timothy.Addy@edu.ece.fr', '#sRku}!o8t', 'Addy', 'Timothy', 4),
(2227, 'Irwin.Cassidy@edu.ece.fr', '#H9oiLlPgo', 'Cassidy', 'Irwin', 4),
(2226, 'Damien.Stuart@edu.ece.fr', ';izSlff3p!', 'Stuart', 'Damien', 4),
(2225, 'Lindsay.Fogal@edu.ece.fr', 'Jc?Tfk0OVl', 'Fogal', 'Lindsay', 4),
(2224, 'Desmond.Harsch@edu.ece.fr', 'YqcQMQvlcn', 'Harsch', 'Desmond', 4),
(2223, 'Mac.Sandridge@edu.ece.fr', '^Rr1CzYnby', 'Sandridge', 'Mac', 4),
(2222, 'Darren.Cyphers@edu.ece.fr', 'quLIT/GNi9', 'Cyphers', 'Darren', 4),
(2221, 'Parker.Pendergrass@edu.ece.fr', 'y^61/Rvnq0', 'Pendergrass', 'Parker', 4),
(2220, 'Arnulfo.Dziedzic@edu.ece.fr', 'N1XDT!v?d?', 'Dziedzic', 'Arnulfo', 4),
(2219, 'Lloyd.Barberio@edu.ece.fr', 'n3DrGIqB8J', 'Barberio', 'Lloyd', 4),
(2218, 'Leopoldo.Harbuck@edu.ece.fr', 'gipjgbrHa%', 'Harbuck', 'Leopoldo', 4),
(2217, 'Jamel.Bakos@edu.ece.fr', 's%XDW4D?oR', 'Bakos', 'Jamel', 4),
(2216, 'Forest.Mcmenamin@edu.ece.fr', '@HPk^%LyvW', 'Mcmenamin', 'Forest', 4),
(2215, 'Myron.Vivas@edu.ece.fr', 'jv7}GV@GR0', 'Vivas', 'Myron', 4),
(2214, 'Dick.Matsui@edu.ece.fr', 'N;LFHh45SI', 'Matsui', 'Dick', 4),
(2213, 'Kasey.Hertz@edu.ece.fr', 'icTzr7s1tA', 'Hertz', 'Kasey', 4),
(2212, 'Roger.Wellington@edu.ece.fr', 'oRYV0CZZYn', 'Wellington', 'Roger', 4),
(2211, 'Maryann.Chapdelaine@edu.ece.fr', 'Q/hWgPvnYz', 'Chapdelaine', 'Maryann', 4),
(2210, 'Edison.Sites@edu.ece.fr', '9CxkyUXHfq', 'Sites', 'Edison', 4),
(2209, 'Kareem.Hanrahan@edu.ece.fr', 'AcGTGm3PJ8', 'Hanrahan', 'Kareem', 4),
(2208, 'Danial.Woltman@edu.ece.fr', '6zO@dgNnpM', 'Woltman', 'Danial', 4),
(2207, 'Benedict.Somers@edu.ece.fr', 'v012QAWGlb', 'Somers', 'Benedict', 4),
(2206, 'Bill.Labarge@edu.ece.fr', 'vqBBdIblf9', 'Labarge', 'Bill', 4),
(2205, 'Taylor.Browne@edu.ece.fr', 'VKwfcUnZ2h', 'Browne', 'Taylor', 4),
(2204, 'Anabel.Milam@edu.ece.fr', 'ujZv[lFVwG', 'Milam', 'Anabel', 4),
(2203, 'Patricia.Pilkenton@edu.ece.fr', '3NoHx2@1K#', 'Pilkenton', 'Patricia', 4),
(2202, 'Edgardo.Fiorillo@edu.ece.fr', 'U!yznMJjXt', 'Fiorillo', 'Edgardo', 4),
(2201, 'Terrance.Dubrey@edu.ece.fr', 'h!5GGVGXJq', 'Dubrey', 'Terrance', 4),
(2200, 'Myong.Dreyer@edu.ece.fr', 'H4L0Yn!4u}', 'Dreyer', 'Myong', 4),
(2199, 'Clinton.Moos@edu.ece.fr', '?UhjctSWEI', 'Moos', 'Clinton', 4),
(2198, 'Daren.Knarr@edu.ece.fr', 'o4P8x5TLgM', 'Knarr', 'Daren', 4),
(2197, 'Irving.Agudelo@edu.ece.fr', '/H!mfj]^gh', 'Agudelo', 'Irving', 4),
(2196, 'Carlo.Headen@edu.ece.fr', 'cu]n{BO;xN', 'Headen', 'Carlo', 4),
(2195, 'Veronika.Sells@edu.ece.fr', 'pn68FG5494', 'Sells', 'Veronika', 4),
(2194, 'Wayne.Sikes@edu.ece.fr', 'D/yK2l]NtY', 'Sikes', 'Wayne', 4),
(2193, 'Joaquin.Normandin@edu.ece.fr', 'GF#R[w1C7p', 'Normandin', 'Joaquin', 4),
(2192, 'Doyle.Beazley@edu.ece.fr', '{BQXebRl!y', 'Beazley', 'Doyle', 4),
(2191, 'Zachary.Engelmann@edu.ece.fr', '?1Ty!?8e?X', 'Engelmann', 'Zachary', 4),
(2190, 'Johnson.Neuman@edu.ece.fr', '9hOs!roK0x', 'Neuman', 'Johnson', 4),
(2189, 'Jerome.Gravely@edu.ece.fr', 'LY2;^VkHT/', 'Gravely', 'Jerome', 4),
(2188, 'Wally.Carew@edu.ece.fr', 'ydMzPzOG{1', 'Carew', 'Wally', 4),
(2187, 'Mikel.Auten@edu.ece.fr', 'A#dX^BFaCy', 'Auten', 'Mikel', 4),
(2186, 'Pierre.Magill@edu.ece.fr', '@lRZwPesrl', 'Magill', 'Pierre', 4),
(2185, 'Brooks.Earp@edu.ece.fr', 'JcFjQPkjJD', 'Earp', 'Brooks', 4),
(2184, 'Diego.Harding@edu.ece.fr', 'ASO5KVa!tD', 'Harding', 'Diego', 4),
(2183, 'Louie.Tsui@edu.ece.fr', 'naM?@E8V#T', 'Tsui', 'Louie', 4),
(2182, 'Lenard.Mahler@edu.ece.fr', '%SEIJU]1bc', 'Mahler', 'Lenard', 4),
(2181, 'Bo.Roane@edu.ece.fr', 'QzR8Us9q}b', 'Roane', 'Bo', 4),
(2180, 'Luke.Guthmiller@edu.ece.fr', '3pXc5x38k;', 'Guthmiller', 'Luke', 4),
(2179, 'Albert.Efaw@edu.ece.fr', 'osa0J01#ZB', 'Efaw', 'Albert', 4),
(2178, 'Jamison.Creasman@edu.ece.fr', '@l/uoMsUkn', 'Creasman', 'Jamison', 4),
(2177, 'Timmy.Ramsey@edu.ece.fr', 'rVdE#6%a}t', 'Ramsey', 'Timmy', 4),
(2176, 'Joey.Pouliot@edu.ece.fr', 'FScng&D;2c', 'Pouliot', 'Joey', 4),
(2175, 'Cristopher.Pomerantz@edu.ece.fr', '!2Dr}%E3E[', 'Pomerantz', 'Cristopher', 4),
(2174, 'Salvatore.Ackley@edu.ece.fr', 'TVf6pTeZxQ', 'Ackley', 'Salvatore', 4),
(2173, 'Stuart.Hiner@edu.ece.fr', 'Wbj}TMh3Gz', 'Hiner', 'Stuart', 4),
(2172, 'Errol.Stober@edu.ece.fr', 'I5X5[x!h0w', 'Stober', 'Errol', 4),
(2171, 'Cruz.Mccaskill@edu.ece.fr', '92l@ZaRDvF', 'Mccaskill', 'Cruz', 4),
(2170, 'Junie.Swatzell@edu.ece.fr', 'hTxKoHVAdr', 'Swatzell', 'Junie', 4),
(2169, 'Landon.Burdge@edu.ece.fr', 'V}EexWeY9f', 'Burdge', 'Landon', 4),
(2168, 'Antoine.Hutto@edu.ece.fr', 'KSds3W3639', 'Hutto', 'Antoine', 4),
(2167, 'In.Koll@edu.ece.fr', 'mFB/5jJpzC', 'Koll', 'In', 4),
(2166, 'Trudy.Dalley@edu.ece.fr', 'Os/d}hxl}B', 'Dalley', 'Trudy', 4),
(2165, 'Dinorah.Mastropietro@edu.ece.fr', '^c]qcxhhH!', 'Mastropietro', 'Dinorah', 4),
(2164, 'Francesco.Hibbert@edu.ece.fr', 'E3HCf55q1&', 'Hibbert', 'Francesco', 4),
(2163, 'Porfirio.Roussel@edu.ece.fr', '!c;;oTULb]', 'Roussel', 'Porfirio', 4),
(2162, 'Terry.Dehn@edu.ece.fr', '9onvH0eZsp', 'Dehn', 'Terry', 4),
(2161, 'Caleb.Glynn@edu.ece.fr', 'RQo^YVq1uX', 'Glynn', 'Caleb', 4),
(2160, 'Blake.Tabler@edu.ece.fr', '9MTuQDHJkY', 'Tabler', 'Blake', 4),
(2159, 'Jake.Schofield@edu.ece.fr', 'zWjBeU^4C3', 'Schofield', 'Jake', 4),
(2158, 'Hollis.Salvador@edu.ece.fr', 'fX;0EBfy![', 'Salvador', 'Hollis', 4),
(2157, 'Clarence.Carbin@edu.ece.fr', 'OFDTBj{G{o', 'Carbin', 'Clarence', 4),
(2156, 'Dwayne.Hance@edu.ece.fr', 'xKaH2m1Jb8', 'Hance', 'Dwayne', 4),
(2155, 'Curt.Wildey@edu.ece.fr', 'vgTIFC!;51', 'Wildey', 'Curt', 4),
(2154, 'Bryce.Folmar@edu.ece.fr', 'I?G4A&&voM', 'Folmar', 'Bryce', 4),
(2153, 'Isidro.Toland@edu.ece.fr', '4rF}bM8@H;', 'Toland', 'Isidro', 4),
(2152, 'Rafaela.Dimattia@edu.ece.fr', 'uw?U@5h5^l', 'Dimattia', 'Rafaela', 4),
(2151, 'Carmine.Arreguin@edu.ece.fr', 'yiyI?hfIb0', 'Arreguin', 'Carmine', 4),
(2150, 'Kevin.Johansen@edu.ece.fr', 'o8PnrttfJi', 'Johansen', 'Kevin', 4),
(2149, 'Wallace.Guernsey@edu.ece.fr', 'eno]Fp}BOj', 'Guernsey', 'Wallace', 4),
(2148, 'Jefferson.Herzig@edu.ece.fr', 'TBHDRFI!]C', 'Herzig', 'Jefferson', 4),
(2147, 'Guillermo.Galvez@edu.ece.fr', 't46pw9FUCS', 'Galvez', 'Guillermo', 4),
(2146, 'Merlyn.Kirtley@edu.ece.fr', 'GfLON0VBR{', 'Kirtley', 'Merlyn', 4),
(2145, 'Isiah.Chatmon@edu.ece.fr', '/jZ5uCRpfa', 'Chatmon', 'Isiah', 4),
(2144, 'Fernando.Landis@edu.ece.fr', 'XDeSlF#Jzd', 'Landis', 'Fernando', 4),
(2143, 'Loren.Longmire@edu.ece.fr', '[zO3^Q{qBx', 'Longmire', 'Loren', 4),
(2142, 'Cedrick.Pelc@edu.ece.fr', 'L4MMEc41/^', 'Pelc', 'Cedrick', 4),
(2141, 'Moses.Ferrari@edu.ece.fr', '9Vxg?R4HA7', 'Ferrari', 'Moses', 4),
(2140, 'Barrett.Class@edu.ece.fr', 'pYYWO{eCuB', 'Class', 'Barrett', 4),
(2139, 'Forest.Hartfield@edu.ece.fr', 'inoUehTinn', 'Hartfield', 'Forest', 4),
(2138, 'Dean.Ooten@edu.ece.fr', '60xx]Tv@35', 'Ooten', 'Dean', 4),
(2137, 'Reuben.Buel@edu.ece.fr', '6GJp2SyrsW', 'Buel', 'Reuben', 4),
(2136, 'Opal.Fling@edu.ece.fr', 'F00R5KaR;B', 'Fling', 'Opal', 4),
(2135, 'Bradley.Sensabaugh@edu.ece.fr', 'ObwsNDEpd9', 'Sensabaugh', 'Bradley', 4),
(2134, 'Don.Aucoin@edu.ece.fr', 'RMr0gth5L&', 'Aucoin', 'Don', 4),
(2133, 'Fernanda.Marquez@edu.ece.fr', 'eq87dqh;45', 'Marquez', 'Fernanda', 4),
(2132, 'Renaldo.Sieren@edu.ece.fr', '6@ql;xNc3H', 'Sieren', 'Renaldo', 4),
(2131, 'Orval.Smyth@edu.ece.fr', 'H9kpnWGJjD', 'Smyth', 'Orval', 4),
(2130, 'Jewel.Longley@edu.ece.fr', 'h26BVf1;JS', 'Longley', 'Jewel', 4),
(2129, 'Samuel.Bain@edu.ece.fr', 'VI8!xak{m9', 'Bain', 'Samuel', 4),
(2128, 'Erik.Holscher@edu.ece.fr', 'Z[qYz6Y^mr', 'Holscher', 'Erik', 4),
(2127, 'Edward.Gaytan@edu.ece.fr', 'UbXBw#nnsU', 'Gaytan', 'Edward', 4),
(2126, 'Enoch.Salvo@edu.ece.fr', 'v/43nl2A;g', 'Salvo', 'Enoch', 4),
(2125, 'Jarod.Carrick@edu.ece.fr', 'N5o%mUD6T5', 'Carrick', 'Jarod', 4),
(2124, 'Kai.Reichling@edu.ece.fr', '6&WtjsFklp', 'Reichling', 'Kai', 4),
(2123, 'Randolph.Bratt@edu.ece.fr', 'jzvjk7prIY', 'Bratt', 'Randolph', 4),
(2122, 'Rhett.Bowen@edu.ece.fr', 'DI&4?ANfHw', 'Bowen', 'Rhett', 4),
(2121, 'Ross.Steward@edu.ece.fr', '!f4#LXtu?R', 'Steward', 'Ross', 4),
(2120, 'Neomi.Prager@edu.ece.fr', '^8iJq#0tMh', 'Prager', 'Neomi', 4),
(2119, 'Kim.Hartlage@edu.ece.fr', 'fT@c9bYMKM', 'Hartlage', 'Kim', 4),
(2118, 'Elton.Burns@edu.ece.fr', 'Dx;60RYQm[', 'Burns', 'Elton', 4),
(2117, 'Shaunta.Schneider@edu.ece.fr', 'kDIm/S6UB0', 'Schneider', 'Shaunta', 4),
(2116, 'Eliseo.Marotta@edu.ece.fr', 'bk}&/GujaW', 'Marotta', 'Eliseo', 4),
(2115, 'Kerri.Rafael@edu.ece.fr', 'j0VKMZ0g7w', 'Rafael', 'Kerri', 4),
(2114, 'Nova.Morrison@edu.ece.fr', '7umh!EiFsR', 'Morrison', 'Nova', 4),
(2113, 'Grady.Sutherlin@edu.ece.fr', 'ZNUdu!x4e!', 'Sutherlin', 'Grady', 4),
(2112, 'Erasmo.Manalo@edu.ece.fr', 'udzuuBREhs', 'Manalo', 'Erasmo', 4),
(2111, 'Carolyn.Chain@edu.ece.fr', '?wfmH2OJkk', 'Chain', 'Carolyn', 4),
(2110, 'Romeo.Iannotti@edu.ece.fr', 'GKyle@nl/i', 'Iannotti', 'Romeo', 4),
(2109, 'Ahmed.Sholar@edu.ece.fr', 'KGrQ@g]i4X', 'Sholar', 'Ahmed', 4),
(2108, 'Emory.Manderscheid@edu.ece.fr', 'wBe1[;YH%}', 'Manderscheid', 'Emory', 4),
(2107, 'Albertine.Elder@edu.ece.fr', 'pfo}KpXJmg', 'Elder', 'Albertine', 4),
(2106, 'Jospeh.Waldeck@edu.ece.fr', 'Brkzrh1Q%{', 'Waldeck', 'Jospeh', 4),
(2105, 'Frederick.Sorrentino@edu.ece.fr', '/ykwXz#QUM', 'Sorrentino', 'Frederick', 4),
(2104, 'Austin.Lantigua@edu.ece.fr', 'nR/lIh4S;Q', 'Lantigua', 'Austin', 4),
(2103, 'Christel.Holcomb@edu.ece.fr', 'k}{R2YBQx0', 'Holcomb', 'Christel', 4),
(2102, 'Willian.Sayegh@edu.ece.fr', 'pQM2f[!1Ba', 'Sayegh', 'Willian', 4),
(2101, 'Roderick.Nowlin@edu.ece.fr', '{L^b2!Klta', 'Nowlin', 'Roderick', 4),
(2100, 'Sam.Meissner@edu.ece.fr', '66&q@?KA}s', 'Meissner', 'Sam', 4),
(2099, 'Clarence.Bergen@edu.ece.fr', 'ScRIBd{szc', 'Bergen', 'Clarence', 4),
(2098, 'Herman.Headley@edu.ece.fr', 'pkwoc[FZdw', 'Headley', 'Herman', 4),
(2097, 'Titus.Papazian@edu.ece.fr', 'bD/XW@nb[G', 'Papazian', 'Titus', 4),
(2096, 'Luis.Linderman@edu.ece.fr', 'nH6OnEqDzB', 'Linderman', 'Luis', 4),
(2095, 'Kerry.Nasser@edu.ece.fr', 'Yni6ah^{Wv', 'Nasser', 'Kerry', 4),
(2094, 'Stacey.Erion@edu.ece.fr', 'Gg#}Gm]#Mo', 'Erion', 'Stacey', 4),
(2093, 'Kymberly.Heintzelman@edu.ece.fr', '}QiVjxRXm9', 'Heintzelman', 'Kymberly', 4),
(2092, 'Brendon.Leu@edu.ece.fr', '&9cmOeMUF9', 'Leu', 'Brendon', 4),
(2091, 'Harvey.Guidotti@edu.ece.fr', 'c[dWQ};%/p', 'Guidotti', 'Harvey', 4),
(2090, 'Micaela.Cadwell@edu.ece.fr', 'jBH;rT9J&5', 'Cadwell', 'Micaela', 4),
(2089, 'Angelo.Badillo@edu.ece.fr', '?v63/a6ysS', 'Badillo', 'Angelo', 4),
(2088, 'Collin.Loomis@edu.ece.fr', 'ma^V7zlSlP', 'Loomis', 'Collin', 4),
(2087, 'Monte.Parm@edu.ece.fr', 'Wv!bUwP4h%', 'Parm', 'Monte', 4),
(2086, 'Douglass.Whitt@edu.ece.fr', 'J8Q{sgL6Xc', 'Whitt', 'Douglass', 4),
(2085, 'Will.Kopp@edu.ece.fr', 'hhp&yB#iFR', 'Kopp', 'Will', 4),
(2084, 'Dewitt.Basden@edu.ece.fr', '1gY}K@Q&Zb', 'Basden', 'Dewitt', 4),
(2083, 'Latia.Rabe@edu.ece.fr', '&d9kw&ZAr8', 'Rabe', 'Latia', 4),
(2082, 'Alden.Sand@edu.ece.fr', 'V7;bJN4vJA', 'Sand', 'Alden', 4),
(2081, 'Milan.Leider@edu.ece.fr', '[gO]P[8jQw', 'Leider', 'Milan', 4),
(2080, 'America.Salcido@edu.ece.fr', '&9{jATA7C8', 'Salcido', 'America', 4),
(2079, 'German.Kohnke@edu.ece.fr', '9MDGpbzi/g', 'Kohnke', 'German', 4),
(2078, 'Andrea.Racine@edu.ece.fr', 'y9PLM1V&n^', 'Racine', 'Andrea', 4),
(2077, 'Evelynn.Wyss@edu.ece.fr', '/}a&^8byIO', 'Wyss', 'Evelynn', 4),
(2076, 'Tyson.Howey@edu.ece.fr', 'r^]01c}q}r', 'Howey', 'Tyson', 4),
(2075, 'Dudley.Nuzzo@edu.ece.fr', 'dTmM1A7lGr', 'Nuzzo', 'Dudley', 4),
(2074, 'Maxwell.Beumer@edu.ece.fr', 'rApqDj^mII', 'Beumer', 'Maxwell', 4),
(2073, 'Jody.Caplinger@edu.ece.fr', 'opSJP]Z[en', 'Caplinger', 'Jody', 4),
(2072, 'Salvatore.Baskette@edu.ece.fr', 'DV4]H]XkeW', 'Baskette', 'Salvatore', 4),
(2071, 'Raleigh.Lastra@edu.ece.fr', '!oz3j%9csZ', 'Lastra', 'Raleigh', 4),
(2070, 'Ollie.Franceschini@edu.ece.fr', 'BB!I;UzbVy', 'Franceschini', 'Ollie', 4),
(2069, 'Tyrone.Raphael@edu.ece.fr', '%gK[^?Ru}B', 'Raphael', 'Tyrone', 4),
(2068, 'Anibal.Diehl@edu.ece.fr', 'V2zY9pym7}', 'Diehl', 'Anibal', 4),
(2067, 'Arnette.Faucett@edu.ece.fr', 'RKuT!Y1RpE', 'Faucett', 'Arnette', 4),
(2066, 'Mei.Borland@edu.ece.fr', 'M^rWL8bjIj', 'Borland', 'Mei', 4),
(2065, 'Sheba.Periera@edu.ece.fr', 'OM[]KfP5@n', 'Periera', 'Sheba', 4),
(2064, 'Carrol.Mirelez@edu.ece.fr', 'ukb?HAEqBE', 'Mirelez', 'Carrol', 4),
(2063, 'Majorie.Haider@edu.ece.fr', 'c8xW]2gY54', 'Haider', 'Majorie', 4),
(2062, 'Kristian.Bien@edu.ece.fr', '}gzrYsE2EX', 'Bien', 'Kristian', 4),
(2061, 'Hal.Sirianni@edu.ece.fr', 'fqPtLC%R{^', 'Sirianni', 'Hal', 4),
(2060, 'Emile.Lepage@edu.ece.fr', 'DW/YcSrL4S', 'Lepage', 'Emile', 4),
(2059, 'Frankie.Garrison@edu.ece.fr', '?7oQJojefi', 'Garrison', 'Frankie', 4),
(2058, 'Azalee.Moulden@edu.ece.fr', 'qQ?/WcD/}m', 'Moulden', 'Azalee', 4),
(2057, 'Samual.Scioneaux@edu.ece.fr', '7Ty[Kcd18X', 'Scioneaux', 'Samual', 4),
(2056, 'Rosalind.Klopp@edu.ece.fr', 'Nxet&[Fe9c', 'Klopp', 'Rosalind', 4),
(2055, 'Jeromy.Beardsley@edu.ece.fr', 'BJoPgmqop?', 'Beardsley', 'Jeromy', 4),
(2054, 'Mel.Tennison@edu.ece.fr', 'sXM62ec^xU', 'Tennison', 'Mel', 4),
(2053, 'Derek.Snedden@edu.ece.fr', 'Q]THblZ^%I', 'Snedden', 'Derek', 4),
(2052, 'Carmine.Burkholder@edu.ece.fr', ']MoR!{S3FD', 'Burkholder', 'Carmine', 4),
(2051, 'Von.Tulloch@edu.ece.fr', 'rH07S%jgYb', 'Tulloch', 'Von', 4),
(2050, 'Garnet.Vivas@edu.ece.fr', 'K/VYpe3NCm', 'Vivas', 'Garnet', 4),
(2049, 'Reyna.Disalvo@edu.ece.fr', 'J]KOQkYCqu', 'Disalvo', 'Reyna', 4),
(2048, 'Cleo.Labrecque@edu.ece.fr', 'd%fliG3xGs', 'Labrecque', 'Cleo', 4),
(2047, 'Vernon.Ashline@edu.ece.fr', 'in0B%fZSZb', 'Ashline', 'Vernon', 4),
(2046, 'Robbie.Mangum@edu.ece.fr', '5ZTsfhn{4&', 'Mangum', 'Robbie', 4),
(2045, 'Howard.Muma@edu.ece.fr', 'Znn{olCh@U', 'Muma', 'Howard', 4),
(2044, 'Sheldon.Seidman@edu.ece.fr', '08qzPAjL%F', 'Seidman', 'Sheldon', 4),
(2043, 'Jamaal.Swindoll@edu.ece.fr', 'S{CF5oYohd', 'Swindoll', 'Jamaal', 4),
(2042, 'Ernesto.Bushman@edu.ece.fr', 'UF@UdVDU!2', 'Bushman', 'Ernesto', 4),
(2041, 'Wade.Gunther@edu.ece.fr', '6qFFV^ss@T', 'Gunther', 'Wade', 4),
(2040, 'Gaston.Dewitt@edu.ece.fr', 'N&erOBnt9a', 'Dewitt', 'Gaston', 4),
(2039, 'Albert.Laurent@edu.ece.fr', 'ksC4g#xXb{', 'Laurent', 'Albert', 4),
(2038, 'Salvador.Whelchel@edu.ece.fr', ']cD%m4?qo!', 'Whelchel', 'Salvador', 4),
(2037, 'Sheena.Buckalew@edu.ece.fr', '#Z{CC6ct6H', 'Buckalew', 'Sheena', 4),
(2036, 'Cole.Guyette@edu.ece.fr', 'gh?yQ7oSQa', 'Guyette', 'Cole', 4),
(2035, 'Jon.Pendley@edu.ece.fr', 'Z3GFzhgFu1', 'Pendley', 'Jon', 4),
(2034, 'Geraldo.Overton@edu.ece.fr', ';68XE/xyJp', 'Overton', 'Geraldo', 4),
(2033, 'Kyle.Beverage@edu.ece.fr', 'O6?6Dg}5SK', 'Beverage', 'Kyle', 4),
(2032, 'Maryanna.Rathjen@edu.ece.fr', '5d8i&VK15r', 'Rathjen', 'Maryanna', 4),
(2031, 'Valentin.Lindholm@edu.ece.fr', 'fNU3p}%4%j', 'Lindholm', 'Valentin', 4),
(2030, 'Charlsie.Bronstein@edu.ece.fr', '##3jmT/9{!', 'Bronstein', 'Charlsie', 4),
(2029, 'Issac.Chewning@edu.ece.fr', 'W0ThT;?5OZ', 'Chewning', 'Issac', 4),
(2028, 'Amos.Rehbein@edu.ece.fr', 'aseaaT9h[^', 'Rehbein', 'Amos', 4),
(2027, 'Gabriella.Holm@edu.ece.fr', 'HXu]9yFs{9', 'Holm', 'Gabriella', 4),
(2026, 'Leigh.Kenison@edu.ece.fr', 'yoskhdK;63', 'Kenison', 'Leigh', 4),
(2025, 'Emmitt.Helms@edu.ece.fr', '@UxlGnk%pG', 'Helms', 'Emmitt', 4),
(2024, 'Charlott.Yarnall@edu.ece.fr', 'G9g&3AbsuE', 'Yarnall', 'Charlott', 4),
(2023, 'Loren.Pabst@edu.ece.fr', '6tMxU][Dwl', 'Pabst', 'Loren', 4),
(2022, 'Jae.Reser@edu.ece.fr', 't{KYYOa}{3', 'Reser', 'Jae', 4),
(2021, 'Vincenzo.Glantz@edu.ece.fr', '0EC#33ieHx', 'Glantz', 'Vincenzo', 4),
(2020, 'Taylor.Woodrum@edu.ece.fr', ';n9COq3x44', 'Woodrum', 'Taylor', 4),
(2019, 'Bryon.Bussell@edu.ece.fr', 'Xuy8CIS%EY', 'Bussell', 'Bryon', 4),
(2018, 'Fredric.Born@edu.ece.fr', 'fc[1G7oG!h', 'Born', 'Fredric', 4),
(2017, 'Gregory.Stainbrook@edu.ece.fr', 'eV}JnH[cI?', 'Stainbrook', 'Gregory', 4),
(2016, 'Fernanda.Lintner@edu.ece.fr', '28U;?BREKt', 'Lintner', 'Fernanda', 4),
(2015, 'Levi.Molinar@edu.ece.fr', 'Bh&t&p&9Vg', 'Molinar', 'Levi', 4),
(2014, 'Merna.Youssef@edu.ece.fr', '^WlaqPw2kP', 'Youssef', 'Merna', 4),
(2013, 'Roberto.Costner@edu.ece.fr', 'et?}IaV;Nu', 'Costner', 'Roberto', 4),
(2012, 'Kelley.Woll@edu.ece.fr', '}WXE6C/mPA', 'Woll', 'Kelley', 4),
(2011, 'Earnest.Given@edu.ece.fr', '1yUc0E!XWZ', 'Given', 'Earnest', 4),
(2010, 'Graig.Viles@edu.ece.fr', 'sb]]w@;Bb%', 'Viles', 'Graig', 4),
(2009, 'Jerrell.Knowlton@edu.ece.fr', 'dKyzk4BhuQ', 'Knowlton', 'Jerrell', 4),
(2008, 'Jay.Wilkenson@edu.ece.fr', 'pWoAv{CYr2', 'Wilkenson', 'Jay', 4),
(2007, 'Buster.Castillon@edu.ece.fr', '5j@@%!atx4', 'Castillon', 'Buster', 4),
(2006, 'Jason.Jauregui@edu.ece.fr', 'hQ5O!&MfAm', 'Jauregui', 'Jason', 4),
(2005, 'Chang.Earnhardt@edu.ece.fr', 'Yf[5R5ABPF', 'Earnhardt', 'Chang', 4),
(2004, 'Major.Rosenow@edu.ece.fr', 'Zd&[dLMAX#', 'Rosenow', 'Major', 4),
(2003, 'Evonne.Cranford@edu.ece.fr', 'p{sYyCr8x@', 'Cranford', 'Evonne', 4),
(2002, 'Mario.Paz@edu.ece.fr', '1yzkPifq#Z', 'Paz', 'Mario', 4),
(2001, 'Jefferson.Valcourt@edu.ece.fr', 'FMv7IDh^gB', 'Valcourt', 'Jefferson', 4),
(2000, 'Phyllis.Mcadory@edu.ece.fr', 'ZF564;S}zP', 'Mcadory', 'Phyllis', 4),
(1999, 'Aldo.Mckenney@edu.ece.fr', 'uVW6brW?Qu', 'Mckenney', 'Aldo', 4),
(1998, 'Lynwood.Kavanagh@edu.ece.fr', 'Hy@}&fuJtz', 'Kavanagh', 'Lynwood', 4),
(1997, 'Fernando.Yarborough@edu.ece.fr', 'hCwYwJ!eA9', 'Yarborough', 'Fernando', 4),
(1996, 'Rolando.Herren@edu.ece.fr', '8coJANCNk!', 'Herren', 'Rolando', 4),
(1995, 'Samella.Stlouis@edu.ece.fr', 'QMh{Pw]y&3', 'Stlouis', 'Samella', 4),
(1994, 'Eusebio.Therrien@edu.ece.fr', 'iZ4K;;j^%8', 'Therrien', 'Eusebio', 4),
(1993, 'Cornelius.Thomasson@edu.ece.fr', 'ds7JSPihiV', 'Thomasson', 'Cornelius', 4),
(1992, 'Bert.Puga@edu.ece.fr', 'qgjIpbYlXU', 'Puga', 'Bert', 4),
(1991, 'Hector.Allgeier@edu.ece.fr', 'vnPa@ts;Qm', 'Allgeier', 'Hector', 4),
(1990, 'Archie.Wingate@edu.ece.fr', 'fVmSUu9c/o', 'Wingate', 'Archie', 4),
(1989, 'Moses.Neeley@edu.ece.fr', 'C7ErgPQ;7z', 'Neeley', 'Moses', 4),
(1988, 'Luciano.Tibbitts@edu.ece.fr', 'D/b20%5!]j', 'Tibbitts', 'Luciano', 4),
(1987, 'Tad.Engman@edu.ece.fr', '@f6lFRWWng', 'Engman', 'Tad', 4),
(1986, 'Lucinda.Milling@edu.ece.fr', 'Z0f;NS{mDQ', 'Milling', 'Lucinda', 4),
(1985, 'Amado.Goodlow@edu.ece.fr', '8@S0FRI7vj', 'Goodlow', 'Amado', 4),
(1984, 'Lizette.Mackey@edu.ece.fr', 'E9J!BWc52A', 'Mackey', 'Lizette', 4),
(1983, 'Troy.Hartranft@edu.ece.fr', 'U0cLsmU1vA', 'Hartranft', 'Troy', 4),
(1982, 'Jonah.Lovitt@edu.ece.fr', 'p4WVo845;M', 'Lovitt', 'Jonah', 4),
(1981, 'Ola.Vizcarra@edu.ece.fr', 'eh@rCVS#Qf', 'Vizcarra', 'Ola', 4),
(1980, 'Twila.Couch@edu.ece.fr', 'hvkttkdjY0', 'Couch', 'Twila', 4),
(1979, 'Derek.Altamirano@edu.ece.fr', 'i4UAhliD0c', 'Altamirano', 'Derek', 4),
(1978, 'Chad.Vanasse@edu.ece.fr', '1}u8YANgs/', 'Vanasse', 'Chad', 4),
(1977, 'Tommy.Plantz@edu.ece.fr', 'PwGbMO5}6d', 'Plantz', 'Tommy', 4),
(1976, 'Judson.Cajigas@edu.ece.fr', 'xpD0;rTX/f', 'Cajigas', 'Judson', 4),
(1975, 'Hoa.Coley@edu.ece.fr', ';TF{O[o[W}', 'Coley', 'Hoa', 4),
(1974, 'Steven.Baggett@edu.ece.fr', '?{[#!du#R/', 'Baggett', 'Steven', 4),
(1973, 'Hans.Carlow@edu.ece.fr', 'QVDQ!?a8Ta', 'Carlow', 'Hans', 4),
(1972, 'Chana.Varughese@edu.ece.fr', '^WZS3n@je4', 'Varughese', 'Chana', 4),
(1971, 'Jerry.Grose@edu.ece.fr', 'RQK7&uYgS3', 'Grose', 'Jerry', 4),
(1970, 'Roy.Ratti@edu.ece.fr', '0E7l/WFcs%', 'Ratti', 'Roy', 4),
(1969, 'Modesto.Jacques@edu.ece.fr', 'BV1AdWCH28', 'Jacques', 'Modesto', 4),
(1968, 'Darrick.Dileo@edu.ece.fr', 'WisZ7ITkZx', 'Dileo', 'Darrick', 4),
(1967, 'Lyn.Gordon@edu.ece.fr', 'pJDc[25P&V', 'Gordon', 'Lyn', 4),
(1966, 'Lamar.Juarez@edu.ece.fr', 'jCHoQrvc0Z', 'Juarez', 'Lamar', 4),
(1965, 'Brad.Larabee@edu.ece.fr', '^U[@@24GvM', 'Larabee', 'Brad', 4),
(1964, 'Horacio.Ortiz@edu.ece.fr', '1Ge]K^EqSz', 'Ortiz', 'Horacio', 4),
(1963, 'Arnold.Grooms@edu.ece.fr', 'ER2kdpdSA2', 'Grooms', 'Arnold', 4),
(1962, 'Martin.Bly@edu.ece.fr', '#YH@XL{;}V', 'Bly', 'Martin', 4),
(1961, 'Randolph.Nakashima@edu.ece.fr', 'dR83UwM3Ed', 'Nakashima', 'Randolph', 4),
(1960, 'Jared.Streich@edu.ece.fr', 'Et7fOicTpi', 'Streich', 'Jared', 4),
(1959, 'Vernon.Pierro@edu.ece.fr', 'Zwan#Am%zG', 'Pierro', 'Vernon', 4),
(1958, 'Gustavo.Tomes@edu.ece.fr', 'tlYqfRJMre', 'Tomes', 'Gustavo', 4),
(1957, 'Katelin.Misner@edu.ece.fr', '1I;TgFK5a;', 'Misner', 'Katelin', 4),
(1956, 'Sidney.Weingarten@edu.ece.fr', 'TlRtEdeD{^', 'Weingarten', 'Sidney', 4),
(1955, 'Jonathon.Ragan@edu.ece.fr', '&wjf%%KXZr', 'Ragan', 'Jonathon', 4),
(1954, 'Diamond.Amey@edu.ece.fr', '2&83f?s6ll', 'Amey', 'Diamond', 4),
(1953, 'Graig.Selle@edu.ece.fr', 'uCldHP#1v%', 'Selle', 'Graig', 4),
(1952, 'Louis.Burlew@edu.ece.fr', 'S2oMFO[L?M', 'Burlew', 'Louis', 4),
(1951, 'Eddy.Letson@edu.ece.fr', 'BDS9F}u1f1', 'Letson', 'Eddy', 4),
(1950, 'Hubert.Jetter@edu.ece.fr', 'E320!AWs6C', 'Jetter', 'Hubert', 4),
(1949, 'Olen.Gilchrest@edu.ece.fr', '?S6gXfLZN!', 'Gilchrest', 'Olen', 4),
(1948, 'Lloyd.Engstrom@edu.ece.fr', '4q]bv]1LHi', 'Engstrom', 'Lloyd', 4),
(1947, 'Chiquita.Kash@edu.ece.fr', 'CVFbI#r41I', 'Kash', 'Chiquita', 4),
(1946, 'Rosette.Gero@edu.ece.fr', 'xo?jx}qmVY', 'Gero', 'Rosette', 4),
(1945, 'Kendrick.Strawn@edu.ece.fr', '@2Z]P2F5sG', 'Strawn', 'Kendrick', 4),
(1944, 'Andy.Edgecomb@edu.ece.fr', 'p!3Vdhrdmf', 'Edgecomb', 'Andy', 4),
(1943, 'Junko.Walters@edu.ece.fr', 'R8d09T%JkU', 'Walters', 'Junko', 4),
(1942, 'Stephan.Eye@edu.ece.fr', '!Czrgy]VU4', 'Eye', 'Stephan', 4),
(1941, 'Merle.Mauch@edu.ece.fr', 'b@ghM33yO3', 'Mauch', 'Merle', 4),
(1940, 'Marco.Ayers@edu.ece.fr', '?r?CRVOEYd', 'Ayers', 'Marco', 4),
(1939, 'Caleb.Fennel@edu.ece.fr', '5EmqYhY}!z', 'Fennel', 'Caleb', 4),
(1938, 'Grant.Donis@edu.ece.fr', 'dEw4psUJGB', 'Donis', 'Grant', 4),
(1937, 'Drew.Lore@edu.ece.fr', 'MfRQ?M8}yk', 'Lore', 'Drew', 4),
(1936, 'Elijah.Prigge@edu.ece.fr', 'hB[PD6G%{v', 'Prigge', 'Elijah', 4),
(1935, 'Danita.Vandine@edu.ece.fr', 'FW4Fb9{a0u', 'Vandine', 'Danita', 4),
(1934, 'Ivelisse.Burlison@edu.ece.fr', '@Surqm#/hR', 'Burlison', 'Ivelisse', 4),
(1933, 'Monte.Casterline@edu.ece.fr', '5NT?VgjNeV', 'Casterline', 'Monte', 4),
(1932, 'Burl.Calero@edu.ece.fr', 'p]eBLygPGg', 'Calero', 'Burl', 4),
(1931, 'Claude.Contreras@edu.ece.fr', 'p2[rG8YKo;', 'Contreras', 'Claude', 4),
(1930, 'Carrol.Buitron@edu.ece.fr', '9CpF;sC7g3', 'Buitron', 'Carrol', 4),
(1929, 'Macy.Remington@edu.ece.fr', 'J2}McOBnWo', 'Remington', 'Macy', 4),
(1928, 'Jacques.Mok@edu.ece.fr', 'jiBNq}Uend', 'Mok', 'Jacques', 4),
(1927, 'Shawnda.Hagans@edu.ece.fr', 'A7%OY]X!K9', 'Hagans', 'Shawnda', 4),
(1926, 'Carrol.Sturgell@edu.ece.fr', 'z^wVyj8!ZO', 'Sturgell', 'Carrol', 4),
(1925, 'Ernie.Apolinar@edu.ece.fr', 'Ujuz6/4P9C', 'Apolinar', 'Ernie', 4),
(1924, 'Arden.Bevans@edu.ece.fr', 'VIWHU&Fr2K', 'Bevans', 'Arden', 4),
(1923, 'Desmond.Kmetz@edu.ece.fr', '/B#7s03TXj', 'Kmetz', 'Desmond', 4),
(1922, 'Ahmad.Wilbourn@edu.ece.fr', 'ORw}4svB}m', 'Wilbourn', 'Ahmad', 4),
(1921, 'Leonard.Wulff@edu.ece.fr', '[tN%6NiFt5', 'Wulff', 'Leonard', 4),
(1920, 'Julius.Dishner@edu.ece.fr', 'TDpnJ^^v6j', 'Dishner', 'Julius', 4),
(1919, 'Rafael.Goebel@edu.ece.fr', 'UhR!!1nqJD', 'Goebel', 'Rafael', 4),
(1918, 'Porfirio.Brighton@edu.ece.fr', '6D/rhegKAV', 'Brighton', 'Porfirio', 4),
(1917, 'Ramiro.Vrieze@edu.ece.fr', '7Kvm?%?rDR', 'Vrieze', 'Ramiro', 4),
(1916, 'Gabrielle.Rawson@edu.ece.fr', 'hs;CcXgsqM', 'Rawson', 'Gabrielle', 4),
(1915, 'Taylor.Boedeker@edu.ece.fr', 'OYJxukVh6&', 'Boedeker', 'Taylor', 4),
(1914, 'Joseph.Waites@edu.ece.fr', 'nWWTSaUrEj', 'Waites', 'Joseph', 4),
(1913, 'Chi.Sand@edu.ece.fr', '{8TL!g}eMf', 'Sand', 'Chi', 4),
(1912, 'Archie.Borowski@edu.ece.fr', '13R!BQdb7p', 'Borowski', 'Archie', 4),
(1911, 'Era.Luczynski@edu.ece.fr', 'h&]64bp8OS', 'Luczynski', 'Era', 4),
(1910, 'Sam.Letourneau@edu.ece.fr', 'w4Oj#cyD20', 'Letourneau', 'Sam', 4),
(1909, 'Micah.Clairmont@edu.ece.fr', '5fFvV4#%4w', 'Clairmont', 'Micah', 4),
(1908, 'Erika.Kelsey@edu.ece.fr', 'uCa!eQszDv', 'Kelsey', 'Erika', 4),
(1907, 'Myles.Knighton@edu.ece.fr', 'LyY0c2/%!3', 'Knighton', 'Myles', 4),
(1906, 'Filiberto.Majeski@edu.ece.fr', 'hM!CnX2J&5', 'Majeski', 'Filiberto', 4),
(1905, 'Huey.Studivant@edu.ece.fr', 'r&bVg[41;8', 'Studivant', 'Huey', 4),
(1904, 'Marc.Brawn@edu.ece.fr', 'Z/LkW0k2?C', 'Brawn', 'Marc', 4),
(1903, 'Domingo.Cassese@edu.ece.fr', 'xU[HOyVs5G', 'Cassese', 'Domingo', 4),
(1902, 'Joey.Kitchens@edu.ece.fr', 'cKu3SM%XeT', 'Kitchens', 'Joey', 4),
(1901, 'Roland.Whaley@edu.ece.fr', '@H1bGKD@BV', 'Whaley', 'Roland', 4),
(1900, 'Dewey.Shifflett@edu.ece.fr', 'QLG/SfCiCA', 'Shifflett', 'Dewey', 4),
(1899, 'Leigh.Ramero@edu.ece.fr', 'G@l&Zj6psU', 'Ramero', 'Leigh', 4),
(1898, 'Sabra.Pebley@edu.ece.fr', '5Z]mKKBQZt', 'Pebley', 'Sabra', 4),
(1897, 'Faustino.Murden@edu.ece.fr', '{utYchAXr;', 'Murden', 'Faustino', 4),
(1896, 'Rolando.Buckler@edu.ece.fr', 'khIjK9l7Gq', 'Buckler', 'Rolando', 4),
(1895, 'Stanford.Stillings@edu.ece.fr', '42DanBnSwK', 'Stillings', 'Stanford', 4),
(1894, 'Greg.Wichman@edu.ece.fr', 'NVKsj1p@RH', 'Wichman', 'Greg', 4),
(1893, 'Cythia.Temme@edu.ece.fr', 'DJHkYEIt]T', 'Temme', 'Cythia', 4),
(1892, 'Minh.Telesco@edu.ece.fr', 'Y}OtFEHBz!', 'Telesco', 'Minh', 4),
(1891, 'Korey.Castiglia@edu.ece.fr', '[SWGi9#wCm', 'Castiglia', 'Korey', 4),
(1890, 'Hunter.Borth@edu.ece.fr', 'lTsdoc/!;i', 'Borth', 'Hunter', 4),
(1889, 'Sofia.Hopp@edu.ece.fr', 'Z[DOADucXD', 'Hopp', 'Sofia', 4),
(1888, 'Santos.Seamons@edu.ece.fr', 'k3T3JhqhO1', 'Seamons', 'Santos', 4),
(1887, 'Jessie.Sonnier@edu.ece.fr', '^g^9WhkfgA', 'Sonnier', 'Jessie', 4),
(1886, 'Madaline.Spagnoli@edu.ece.fr', '8@YTW]QC/y', 'Spagnoli', 'Madaline', 4),
(1885, 'Logan.Worthington@edu.ece.fr', 'QvPa8V2oWB', 'Worthington', 'Logan', 4),
(1884, 'Mose.Mccaster@edu.ece.fr', 'Q]p?uUN3m%', 'Mccaster', 'Mose', 4),
(1883, 'Alvin.Eason@edu.ece.fr', 'zE{NpCo7q8', 'Eason', 'Alvin', 4),
(1882, 'Franklin.Chachere@edu.ece.fr', 'anCIvDuqB[', 'Chachere', 'Franklin', 4),
(1881, 'Jina.Spielman@edu.ece.fr', 'h2kt153Rl%', 'Spielman', 'Jina', 4),
(1880, 'Agustin.Hipps@edu.ece.fr', '}ONy0xlQxe', 'Hipps', 'Agustin', 4),
(1879, 'Milford.Peed@edu.ece.fr', '!b%f#GAhOB', 'Peed', 'Milford', 4),
(1878, 'Danial.Replogle@edu.ece.fr', 'R&[H]37gbQ', 'Replogle', 'Danial', 4),
(1877, 'Lucile.Winchell@edu.ece.fr', 'q3%Q^;pmkh', 'Winchell', 'Lucile', 4),
(1876, 'Stanley.Manes@edu.ece.fr', 'R%Tr6e?a3B', 'Manes', 'Stanley', 4),
(1875, 'Criselda.Lou@edu.ece.fr', 'q?Kr%DTIA2', 'Lou', 'Criselda', 4),
(1874, 'Agustin.Greenman@edu.ece.fr', 'TJ@nDp4vkw', 'Greenman', 'Agustin', 4),
(1873, 'Mose.Ginder@edu.ece.fr', '}{zp9oshH^', 'Ginder', 'Mose', 4),
(1872, 'Pamelia.Schnur@edu.ece.fr', '&YD[@3yYkz', 'Schnur', 'Pamelia', 4),
(1871, 'Sebastian.Sawtelle@edu.ece.fr', 'D!wGV&NA5o', 'Sawtelle', 'Sebastian', 4),
(1870, 'Ken.Eger@edu.ece.fr', '/iVsrsYd%q', 'Eger', 'Ken', 4),
(1869, 'Heriberto.Fulp@edu.ece.fr', 'BT%ScaRzAl', 'Fulp', 'Heriberto', 4),
(1868, 'Beau.Andresen@edu.ece.fr', 'RT;]ijhc2H', 'Andresen', 'Beau', 4),
(1867, 'Moshe.Kerry@edu.ece.fr', 'yv]EyLjHqi', 'Kerry', 'Moshe', 4),
(1866, 'Breann.Dansie@edu.ece.fr', 'r@#Bi{666y', 'Dansie', 'Breann', 4),
(1865, 'Leoma.Asbill@edu.ece.fr', 'PUKUH1tWZS', 'Asbill', 'Leoma', 4),
(1864, 'Teressa.Chewning@edu.ece.fr', 'HzYF6g/Ru;', 'Chewning', 'Teressa', 4),
(1863, 'Willis.Manners@edu.ece.fr', 'puQDxD@[6K', 'Manners', 'Willis', 4),
(1862, 'Ramiro.Valderas@edu.ece.fr', 'i0rcbQ^v%&', 'Valderas', 'Ramiro', 4),
(1861, 'Royal.Tutino@edu.ece.fr', 't1NTSt1U%u', 'Tutino', 'Royal', 4),
(1860, 'Erasmo.Streit@edu.ece.fr', 'jkJD44Zg[q', 'Streit', 'Erasmo', 4),
(1859, 'Elmo.Wolverton@edu.ece.fr', 'nX2;uKwCc2', 'Wolverton', 'Elmo', 4),
(1858, 'Cathie.Salaam@edu.ece.fr', 'fa!&[vu3&[', 'Salaam', 'Cathie', 4),
(1857, 'Leighann.Penwell@edu.ece.fr', 'Aad[8f]0cM', 'Penwell', 'Leighann', 4),
(1856, 'Sid.Scaife@edu.ece.fr', '/;CO@5lLpv', 'Scaife', 'Sid', 4),
(1855, 'Kurtis.Berens@edu.ece.fr', 'urCDxjZqYj', 'Berens', 'Kurtis', 4),
(1854, 'Emory.Kingrey@edu.ece.fr', '%1Zeh%TMOI', 'Kingrey', 'Emory', 4),
(1853, 'Eldridge.Tuner@edu.ece.fr', '#LdSku/DSD', 'Tuner', 'Eldridge', 4),
(1852, 'Enoch.Amburgey@edu.ece.fr', '4s;X6j4EUC', 'Amburgey', 'Enoch', 4),
(1851, 'Carey.Caplinger@edu.ece.fr', 'a0%89[6S5A', 'Caplinger', 'Carey', 4),
(1850, 'Granville.Penton@edu.ece.fr', 'E#MCz!]0?a', 'Penton', 'Granville', 4),
(1849, 'Edmund.Pauline@edu.ece.fr', 'kapJ[Kgp4D', 'Pauline', 'Edmund', 4),
(1848, 'Ivana.Arriaga@edu.ece.fr', 'CV^XZ4RHUk', 'Arriaga', 'Ivana', 4),
(1847, 'Rodrigo.Mungin@edu.ece.fr', 'Jt}Rx4;XiO', 'Mungin', 'Rodrigo', 4),
(1846, 'Armand.Dittrich@edu.ece.fr', 'wIlhTmCOaa', 'Dittrich', 'Armand', 4),
(1845, 'Lionel.Dudley@edu.ece.fr', '9uhDmJadRM', 'Dudley', 'Lionel', 4),
(1844, 'Madison.Stauffer@edu.ece.fr', 'O5h148ojKn', 'Stauffer', 'Madison', 4),
(1843, 'Hipolito.Wohl@edu.ece.fr', 'oZss!t5kXa', 'Wohl', 'Hipolito', 4),
(1842, 'Warren.Bockman@edu.ece.fr', '%GXKt6zl8m', 'Bockman', 'Warren', 4),
(1841, 'Kandace.Jefferies@edu.ece.fr', 'S%PZ9Q6@Ws', 'Jefferies', 'Kandace', 4),
(1840, 'Peter.Baldree@edu.ece.fr', '%!Msn3%Aig', 'Baldree', 'Peter', 4),
(1839, 'Alfredo.Blaker@edu.ece.fr', '6J7GSt{XFC', 'Blaker', 'Alfredo', 4),
(1838, 'Rigoberto.Burling@edu.ece.fr', '2MMutpw!/t', 'Burling', 'Rigoberto', 4),
(1837, 'Cyrus.Valderas@edu.ece.fr', 'J}y5jM1f/p', 'Valderas', 'Cyrus', 4),
(1836, 'Kelly.Ritzman@edu.ece.fr', ';n8CUY@m3[', 'Ritzman', 'Kelly', 4),
(1835, 'Devorah.Lucero@edu.ece.fr', 'TZblv2eV{Y', 'Lucero', 'Devorah', 4),
(1834, 'Donovan.Zazueta@edu.ece.fr', 'ftGKZYtEtn', 'Zazueta', 'Donovan', 4),
(1833, 'Hunter.Lande@edu.ece.fr', 'h;DK%m6fr2', 'Lande', 'Hunter', 4),
(1832, 'Khadijah.Steimle@edu.ece.fr', '{Dlj5XuDR3', 'Steimle', 'Khadijah', 4),
(1831, 'Andrea.Jensen@edu.ece.fr', 'S5}QIS]tAs', 'Jensen', 'Andrea', 4),
(1830, 'Retta.Harper@edu.ece.fr', 'AXHAo13ZxX', 'Harper', 'Retta', 4),
(1829, 'Odessa.Vancleave@edu.ece.fr', 'KQ0qm!h3l^', 'Vancleave', 'Odessa', 4),
(1828, 'Ellis.Atlas@edu.ece.fr', 'D29!f1k{4!', 'Atlas', 'Ellis', 4),
(1827, 'Herb.Hammersmith@edu.ece.fr', '!HjID[DwOz', 'Hammersmith', 'Herb', 4),
(1826, 'Rickey.Woodall@edu.ece.fr', 'JHN/IEqyqK', 'Woodall', 'Rickey', 4),
(1825, 'Numbers.Zeng@edu.ece.fr', 'P%;I&Lq^E6', 'Zeng', 'Numbers', 4),
(1824, 'Steve.Cool@edu.ece.fr', 'GS^;DBRID3', 'Cool', 'Steve', 4),
(1823, 'Azucena.Groff@edu.ece.fr', 'L9}QW0MkKE', 'Groff', 'Azucena', 4),
(1822, 'Jere.Manzano@edu.ece.fr', 'mC4}RT&0W6', 'Manzano', 'Jere', 4),
(1821, 'Jeff.Mefford@edu.ece.fr', ';QWk^Ii#wn', 'Mefford', 'Jeff', 4),
(1820, 'Carmen.Trowell@edu.ece.fr', 'pg[ZWAoaoe', 'Trowell', 'Carmen', 4),
(1819, 'Raymon.Teets@edu.ece.fr', 'NFrrKJzoBG', 'Teets', 'Raymon', 4),
(1818, 'Leon.Breazeale@edu.ece.fr', '{xUtVGgbux', 'Breazeale', 'Leon', 4),
(1817, 'Dulce.Helmers@edu.ece.fr', 'b7u77[vJBL', 'Helmers', 'Dulce', 4),
(1816, 'Gayle.Dorfman@edu.ece.fr', '^&A;N;Qhco', 'Dorfman', 'Gayle', 4),
(1815, 'Jettie.Taft@edu.ece.fr', '4zXVwAlBP1', 'Taft', 'Jettie', 4),
(1814, 'Neal.Lobb@edu.ece.fr', 'Jn1#IudQmm', 'Lobb', 'Neal', 4),
(1813, 'Edward.Penney@edu.ece.fr', 'rR}f}t0rd2', 'Penney', 'Edward', 4),
(1812, 'Erline.Semien@edu.ece.fr', '/5lD!iDcs8', 'Semien', 'Erline', 4),
(1811, 'Felipa.Cantero@edu.ece.fr', '7&5{xCbUI5', 'Cantero', 'Felipa', 4),
(1810, 'Mauricio.Smithwick@edu.ece.fr', '&gs%FEt5T5', 'Smithwick', 'Mauricio', 4),
(1809, 'Jude.Puskar@edu.ece.fr', '5IlYf[I^@s', 'Puskar', 'Jude', 4),
(1808, 'Eldridge.Moose@edu.ece.fr', 'fB&Mq9eC83', 'Moose', 'Eldridge', 4),
(1807, 'Buck.Leggett@edu.ece.fr', 'Kj&%tZgUTv', 'Leggett', 'Buck', 4),
(1806, 'Arthur.Forte@edu.ece.fr', '2cR4n&sG5y', 'Forte', 'Arthur', 4),
(1805, 'Lindsey.Skoglund@edu.ece.fr', 'jH5mSO6A/f', 'Skoglund', 'Lindsey', 4),
(1804, 'Candyce.Trevizo@edu.ece.fr', 'AHVc^4&R5x', 'Trevizo', 'Candyce', 4),
(1803, 'Dalton.Dollinger@edu.ece.fr', 'taxZQb!cc3', 'Dollinger', 'Dalton', 4),
(1802, 'Cory.Hargrove@edu.ece.fr', '4cssc6mQX!', 'Hargrove', 'Cory', 4),
(1801, 'Santo.Westbrook@edu.ece.fr', 'D54}2KPkI6', 'Westbrook', 'Santo', 4),
(1800, 'Shad.Guttman@edu.ece.fr', 'Cv^@qXf^t4', 'Guttman', 'Shad', 4),
(1799, 'Parker.Lechuga@edu.ece.fr', '%{{Y!xIAvt', 'Lechuga', 'Parker', 4),
(1798, 'Stanford.Coale@edu.ece.fr', 'thyl{ZF?m}', 'Coale', 'Stanford', 4),
(1797, 'Jason.Shew@edu.ece.fr', 'SS?32k0o2v', 'Shew', 'Jason', 4),
(1796, 'Wallace.Duckworth@edu.ece.fr', ']i2E50nDC0', 'Duckworth', 'Wallace', 4),
(1795, 'Gail.Loftis@edu.ece.fr', 'jV{3mKaUm]', 'Loftis', 'Gail', 4),
(1794, 'Jacque.Kimbrel@edu.ece.fr', '0eTKx60V[A', 'Kimbrel', 'Jacque', 4),
(1793, 'Chad.Cornett@edu.ece.fr', '1qA^{TmPy1', 'Cornett', 'Chad', 4),
(1792, 'Jed.Aust@edu.ece.fr', 'wL0]@AB&iV', 'Aust', 'Jed', 4),
(1791, 'Marion.Graeber@edu.ece.fr', '8;1fhcj;Up', 'Graeber', 'Marion', 4),
(1790, 'Hugh.Lachermeier@edu.ece.fr', 'LIigsNxkrY', 'Lachermeier', 'Hugh', 4),
(1789, 'Lynsey.Lentine@edu.ece.fr', 'RY7ROQydbA', 'Lentine', 'Lynsey', 4),
(1788, 'Angele.Soza@edu.ece.fr', 'e3!l]47hZ%', 'Soza', 'Angele', 4),
(1787, 'Melita.Brooke@edu.ece.fr', 'IiO/DEEI{q', 'Brooke', 'Melita', 4),
(1786, 'Kim.Allaire@edu.ece.fr', 'xUU!s2LBVq', 'Allaire', 'Kim', 4),
(1785, 'Malcolm.Marguez@edu.ece.fr', '1R/iV7GO@Q', 'Marguez', 'Malcolm', 4),
(1784, 'Rickey.Lightle@edu.ece.fr', '!Rc!C!]Xsu', 'Lightle', 'Rickey', 4),
(1783, 'Carroll.Heikkinen@edu.ece.fr', 'e]fo@ye?ZG', 'Heikkinen', 'Carroll', 4),
(1782, 'Damion.Casto@edu.ece.fr', '}5k6N;GPOp', 'Casto', 'Damion', 4),
(1781, 'Christopher.Mcgoldrick@edu.ece.fr', 'SdBuF90FJw', 'Mcgoldrick', 'Christopher', 4),
(1780, 'Abraham.Rawls@edu.ece.fr', ';dfyyDS1vE', 'Rawls', 'Abraham', 4),
(1779, 'Rueben.Torres@edu.ece.fr', 'lVDpI}!kJm', 'Torres', 'Rueben', 4),
(1778, 'Bud.Kaspar@edu.ece.fr', '0wLQw}z^?l', 'Kaspar', 'Bud', 4),
(1777, 'Porfirio.Jacobi@edu.ece.fr', 'H4r!Cc?V3b', 'Jacobi', 'Porfirio', 4),
(1776, 'Colton.Propp@edu.ece.fr', '8la^uiJ0KL', 'Propp', 'Colton', 4),
(1775, 'Norman.Lande@edu.ece.fr', 'u8VBEI24[Y', 'Lande', 'Norman', 4),
(1774, 'Anthony.Navarrete@edu.ece.fr', 'S96us!id!K', 'Navarrete', 'Anthony', 4),
(1773, 'Laverne.Blassingame@edu.ece.fr', 'Nb@naDLTM{', 'Blassingame', 'Laverne', 4),
(1772, 'Quintin.Weddle@edu.ece.fr', 'CwpXrgqcW9', 'Weddle', 'Quintin', 4),
(1771, 'Jerry.Stroupe@edu.ece.fr', 'DE5Sh6iE/W', 'Stroupe', 'Jerry', 4),
(1770, 'Gayle.Sawtelle@edu.ece.fr', '{DREkj@Pdk', 'Sawtelle', 'Gayle', 4),
(1769, 'King.Duggan@edu.ece.fr', 'CFRZ41&YPa', 'Duggan', 'King', 4),
(1768, 'Mariano.Trial@edu.ece.fr', 'kdb4iA3Aw#', 'Trial', 'Mariano', 4),
(1767, 'Mathew.Markowitz@edu.ece.fr', 'S!HPS!uwER', 'Markowitz', 'Mathew', 4),
(1766, 'Gaston.Adelman@edu.ece.fr', 'REMdhUWlVy', 'Adelman', 'Gaston', 4),
(1765, 'Lorrine.Lentz@edu.ece.fr', '&TTKJnJUO;', 'Lentz', 'Lorrine', 4),
(1764, 'Cecil.Gervais@edu.ece.fr', 'yT{NllgQe1', 'Gervais', 'Cecil', 4),
(1763, 'Eufemia.Mansfield@edu.ece.fr', 'RiIMq8/Qrr', 'Mansfield', 'Eufemia', 4),
(1762, 'Andre.Stearns@edu.ece.fr', '6#0lI9W!q?', 'Stearns', 'Andre', 4),
(1761, 'Madie.Levy@edu.ece.fr', 'Kp2D&OQcyK', 'Levy', 'Madie', 4),
(1760, 'Mose.Mallett@edu.ece.fr', 'NdbiSi4;8I', 'Mallett', 'Mose', 4),
(1759, 'Mason.Tarpley@edu.ece.fr', 'R6WQ8NH!Ts', 'Tarpley', 'Mason', 4),
(1758, 'Vincent.Petrosky@edu.ece.fr', '%oT^qER2qt', 'Petrosky', 'Vincent', 4),
(1757, 'Issac.Blanch@edu.ece.fr', 'xxH%#v?5%U', 'Blanch', 'Issac', 4),
(1756, 'Gerardo.Ellenwood@edu.ece.fr', 'R!p2%lp5N}', 'Ellenwood', 'Gerardo', 4),
(1755, 'Gaston.Demartino@edu.ece.fr', 'CLk6kNls4!', 'Demartino', 'Gaston', 4),
(1754, 'Morgan.Hier@edu.ece.fr', 'fiQgCGXt4J', 'Hier', 'Morgan', 4),
(1753, 'Damien.Sant@edu.ece.fr', 'WcGzUI&K1&', 'Sant', 'Damien', 4),
(1752, 'Ira.Sebree@edu.ece.fr', 'f5}UaiDQ3;', 'Sebree', 'Ira', 4),
(1751, 'Errol.Rieder@edu.ece.fr', 'x!1JmExKX?', 'Rieder', 'Errol', 4),
(1750, 'Phil.Godsey@edu.ece.fr', '@RNTLg!u9?', 'Godsey', 'Phil', 4),
(1749, 'Dario.Mayr@edu.ece.fr', ']ynSAmHWeu', 'Mayr', 'Dario', 4),
(1748, 'Chae.Sharrock@edu.ece.fr', '!fOoc@xrST', 'Sharrock', 'Chae', 4),
(1747, 'Jayna.Batz@edu.ece.fr', 'rw;m%9b4}A', 'Batz', 'Jayna', 4),
(1746, 'Oswaldo.Behrens@edu.ece.fr', 'R?cYP/Uw?n', 'Behrens', 'Oswaldo', 4),
(1745, 'Melvin.Hervey@edu.ece.fr', '}wP2g^00z1', 'Hervey', 'Melvin', 4),
(1744, 'Tyron.Pipkins@edu.ece.fr', 'By}@!1XIuo', 'Pipkins', 'Tyron', 4),
(1743, 'Sonny.Pfeffer@edu.ece.fr', 'ob5;pJAw;g', 'Pfeffer', 'Sonny', 4),
(1742, 'Myles.Southerland@edu.ece.fr', 'fnLgL?J#/Y', 'Southerland', 'Myles', 4),
(1741, 'Frankie.Railey@edu.ece.fr', 'n8ooAr5e5Q', 'Railey', 'Frankie', 4),
(1740, 'Andreas.Sadler@edu.ece.fr', '^ebO9[f2Lr', 'Sadler', 'Andreas', 4),
(1739, 'Howard.Lumsden@edu.ece.fr', '4a!&P4U8d4', 'Lumsden', 'Howard', 4),
(1738, 'Jeffery.Englund@edu.ece.fr', 'sR7Dtdh#%5', 'Englund', 'Jeffery', 4),
(1737, 'Sang.Caulfield@edu.ece.fr', 'sDOWJT6ABa', 'Caulfield', 'Sang', 4),
(1736, 'Lauren.Amendola@edu.ece.fr', '[6e@SvHD/n', 'Amendola', 'Lauren', 4),
(1735, 'Ed.Wessner@edu.ece.fr', 'U}M8fH9DSd', 'Wessner', 'Ed', 4),
(1734, 'Rufus.Nass@edu.ece.fr', 'dXIr{Ep;ZY', 'Nass', 'Rufus', 4),
(1733, 'Franklin.Bonin@edu.ece.fr', '2kc;Px;?Pv', 'Bonin', 'Franklin', 4),
(1732, 'Sal.Candanoza@edu.ece.fr', 'eFU{Uoifm?', 'Candanoza', 'Sal', 4),
(1731, 'Alex.Sisemore@edu.ece.fr', 'A#AV^6hH#R', 'Sisemore', 'Alex', 4),
(1730, 'Emmy.Perryman@edu.ece.fr', 'i0ciXw@qJ{', 'Perryman', 'Emmy', 4),
(1729, 'Valentine.Hipple@edu.ece.fr', '0cTOR/&h6y', 'Hipple', 'Valentine', 4),
(1728, 'Francesco.Wooton@edu.ece.fr', 'q%o!MPKQY0', 'Wooton', 'Francesco', 4),
(1727, 'Isabelle.Gress@edu.ece.fr', '?9o%jKq6X0', 'Gress', 'Isabelle', 4),
(1726, 'Kit.Gaddis@edu.ece.fr', 'M6]sZ/j2H&', 'Gaddis', 'Kit', 4),
(1725, 'Evelynn.Maclean@edu.ece.fr', '5H@2;L@5&E', 'Maclean', 'Evelynn', 4),
(1724, 'Clair.Sizelove@edu.ece.fr', '6;PF]yMKv5', 'Sizelove', 'Clair', 4),
(1723, 'Irwin.Herold@edu.ece.fr', '{5Pu%&5E?r', 'Herold', 'Irwin', 4),
(1722, 'Gonzalo.Cushenberry@edu.ece.fr', 'dA}}c^!mu}', 'Cushenberry', 'Gonzalo', 4),
(1721, 'Domenic.Osburn@edu.ece.fr', '?iUEQ^b^q]', 'Osburn', 'Domenic', 4),
(1720, 'Antonia.Carpenter@edu.ece.fr', 'uK]!w/jKoy', 'Carpenter', 'Antonia', 4),
(1719, 'Miquel.Sheffler@edu.ece.fr', 'CA9@C2UT87', 'Sheffler', 'Miquel', 4),
(1718, 'Micah.Woodburn@edu.ece.fr', '^!CyCR1CZb', 'Woodburn', 'Micah', 4),
(1717, 'Donald.Piner@edu.ece.fr', 'jDC&J7[al{', 'Piner', 'Donald', 4),
(1716, 'Valentin.Dingman@edu.ece.fr', '^0qQ%hl0r/', 'Dingman', 'Valentin', 4),
(1715, 'Jesus.Crowner@edu.ece.fr', 'mw?XYk]ghx', 'Crowner', 'Jesus', 4),
(1714, 'Pete.Hinnant@edu.ece.fr', 'y]dQ;3AjhE', 'Hinnant', 'Pete', 4),
(1713, 'Jerrold.Shehane@edu.ece.fr', '/?bB3mQ2n/', 'Shehane', 'Jerrold', 4),
(1712, 'Sam.Gates@edu.ece.fr', 'W3OM4z!kzd', 'Gates', 'Sam', 4),
(1711, 'Bobby.Hain@edu.ece.fr', 'U;cBdnW9PN', 'Hain', 'Bobby', 4),
(1710, 'Ricky.Tennyson@edu.ece.fr', 'hEnBrbrKD8', 'Tennyson', 'Ricky', 4),
(1709, 'Erick.Bushey@edu.ece.fr', '6dNxse6f0f', 'Bushey', 'Erick', 4),
(1708, 'Modesto.Bell@edu.ece.fr', '3oho04B#tm', 'Bell', 'Modesto', 4),
(1707, 'Faustina.Nicely@edu.ece.fr', 'Q@zT[m/YEV', 'Nicely', 'Faustina', 4),
(1706, 'Andy.Hagemeier@edu.ece.fr', 'NIC[EtG#HG', 'Hagemeier', 'Andy', 4),
(1705, 'Drew.Gorden@edu.ece.fr', 'cKWiIhxJRQ', 'Gorden', 'Drew', 4),
(1704, 'Chas.Guyette@edu.ece.fr', '1xo{j7&/;D', 'Guyette', 'Chas', 4),
(1703, 'Dorinda.Montoro@edu.ece.fr', 'PPgpd0^tb3', 'Montoro', 'Dorinda', 4),
(1702, 'admin', 'pw', 'Min', 'Ad', 1),
(2979, 'Sylvester.Klutts@edu.ece.fr', 'lB/agXrxZZ', 'Klutts', 'Sylvester', 4),
(2980, 'Loren.Stenson@edu.ece.fr', '!/Cp[5M;hN', 'Stenson', 'Loren', 4),
(2981, 'Ramiro.Fein@edu.ece.fr', 'PGzhKs]?0L', 'Fein', 'Ramiro', 4),
(2982, 'Jeremiah.Parham@edu.ece.fr', '50DYAhw[NO', 'Parham', 'Jeremiah', 4),
(2983, 'Marvin.Rathburn@edu.ece.fr', '!ebNC1K345', 'Rathburn', 'Marvin', 4),
(2984, 'Josh.Nadal@edu.ece.fr', 'U]wOfs}8BR', 'Nadal', 'Josh', 4),
(2985, 'Sydney.Casarez@edu.ece.fr', 'RST9qQgia0', 'Casarez', 'Sydney', 4),
(2986, 'Jewell.Mccracken@edu.ece.fr', 'zFPdCRV4[A', 'Mccracken', 'Jewell', 4),
(2987, 'Donnie.Zhao@edu.ece.fr', 'lg4k%nzvBG', 'Zhao', 'Donnie', 4),
(2988, 'Lauren.Field@edu.ece.fr', 'x^LJoq1exc', 'Field', 'Lauren', 4),
(2989, 'Aida.Harshman@edu.ece.fr', 'RnOeN5iDIz', 'Harshman', 'Aida', 4),
(2990, 'Preston.Camberos@edu.ece.fr', 'WL%8;^k;qx', 'Camberos', 'Preston', 4),
(2991, 'Danny.Deasy@edu.ece.fr', '0{e5&{Yqy0', 'Deasy', 'Danny', 4),
(2992, 'Alexa.Humphery@edu.ece.fr', 'HY%@{F}aPG', 'Humphery', 'Alexa', 4),
(2993, 'Jamel.Defore@edu.ece.fr', '%[Cok0ATRF', 'Defore', 'Jamel', 4),
(2994, 'Jae.Vernon@edu.ece.fr', '0EiOEb1Yfa', 'Vernon', 'Jae', 4),
(2995, 'Alberto.Younce@edu.ece.fr', 'KtWNBQc?m2', 'Younce', 'Alberto', 4),
(2996, 'Isreal.Theobald@edu.ece.fr', '7c1ss8iU6m', 'Theobald', 'Isreal', 4),
(2997, 'Alva.Rehder@edu.ece.fr', 'bkrKDh[zC{', 'Rehder', 'Alva', 4),
(2998, 'Phillip.Rexrode@edu.ece.fr', '/?XHF]ZoYG', 'Rexrode', 'Phillip', 4),
(2999, 'Harry.Peavy@edu.ece.fr', '[m6@uvyP!p', 'Peavy', 'Harry', 4),
(3000, 'Anthony.Flor@edu.ece.fr', 'bIYEkq;;HK', 'Flor', 'Anthony', 4),
(3001, 'Damon.Mckissick@edu.ece.fr', ';e/edrTiq/', 'Mckissick', 'Damon', 4),
(3002, 'Earl.Pippins@edu.ece.fr', 'KyxPRF%H0V', 'Pippins', 'Earl', 4),
(3003, 'Tyrell.Kinne@edu.ece.fr', 'SGxB[%?s7V', 'Kinne', 'Tyrell', 4),
(3004, 'Cheryle.Eaton@edu.ece.fr', 'bQEyM0tJEJ', 'Eaton', 'Cheryle', 4),
(3005, 'Tomas.Ahlstrom@edu.ece.fr', '/kjiG5GbdA', 'Ahlstrom', 'Tomas', 4),
(3006, 'Lee.Kentner@edu.ece.fr', 'baMfmy0vpb', 'Kentner', 'Lee', 4),
(3007, 'Arleen.Fregoso@edu.ece.fr', 'Nht&ie?7OO', 'Fregoso', 'Arleen', 4),
(3008, 'Otha.Eslick@edu.ece.fr', '@6kc?ML&Ur', 'Eslick', 'Otha', 4),
(3009, 'Simona.Crothers@edu.ece.fr', '!E;kiB9Qef', 'Crothers', 'Simona', 4),
(3010, 'Debroah.Eldreth@edu.ece.fr', 'VgAb/NsdT1', 'Eldreth', 'Debroah', 4),
(3011, 'Rafael.Nakashima@edu.ece.fr', 'WCcA?N9zmP', 'Nakashima', 'Rafael', 4),
(3012, 'Jorge.Vasser@edu.ece.fr', 'Nz&brzl65#', 'Vasser', 'Jorge', 4),
(3013, 'Derrick.Mcfall@edu.ece.fr', 'Ye6vAHd;MM', 'Mcfall', 'Derrick', 4),
(3014, 'Chet.Chill@edu.ece.fr', ';[%SU&;?^^', 'Chill', 'Chet', 4),
(3015, 'Lee.Eriksen@edu.ece.fr', 'wkfh6[1rmv', 'Eriksen', 'Lee', 4),
(3016, 'Eli.Lonergan@edu.ece.fr', 'o{%qo2;rq6', 'Lonergan', 'Eli', 4),
(3017, 'Norman.Mattis@edu.ece.fr', 'm{1au{zZ{x', 'Mattis', 'Norman', 4),
(3018, 'Philip.Perna@edu.ece.fr', 'DtH3w}hwZS', 'Perna', 'Philip', 4),
(3019, 'Britney.Rey@edu.ece.fr', ';yC&mt5G8I', 'Rey', 'Britney', 4),
(3020, 'Kirk.Cordon@edu.ece.fr', 'Oo/3Cok2dh', 'Cordon', 'Kirk', 4),
(3021, 'Adolph.Leija@edu.ece.fr', '3Dk/S7jDoB', 'Leija', 'Adolph', 4),
(3022, 'Johnnie.Pino@edu.ece.fr', 'h?FDe@I3MR', 'Pino', 'Johnnie', 4),
(3023, 'Chance.Tarleton@edu.ece.fr', 'e]XR#An@i2', 'Tarleton', 'Chance', 4),
(3024, 'Nannie.Alers@edu.ece.fr', '!Xn/dgEKR]', 'Alers', 'Nannie', 4),
(3025, 'Odell.Hohler@edu.ece.fr', 'MEmLMrp1JO', 'Hohler', 'Odell', 4),
(3026, 'Edmund.Vicari@edu.ece.fr', '!Q/W641uLm', 'Vicari', 'Edmund', 4),
(3027, 'Marcel.Dresser@edu.ece.fr', 'K&J;Orj3W}', 'Dresser', 'Marcel', 4),
(3028, 'Darrel.Torrey@edu.ece.fr', 'QJjdSrsXHx', 'Torrey', 'Darrel', 4),
(3029, 'Brenton.Valez@edu.ece.fr', 'cfgFwQijZ0', 'Valez', 'Brenton', 4),
(3030, 'Indira.Gloss@edu.ece.fr', '3TGEK8Hr7Z', 'Gloss', 'Indira', 4),
(3031, 'Sal.Shoop@edu.ece.fr', 'j[MRpTv2/I', 'Shoop', 'Sal', 4),
(3032, 'Seymour.Jehle@edu.ece.fr', '{mOnoWib13', 'Jehle', 'Seymour', 4),
(3033, 'Solomon.Bonner@edu.ece.fr', 'mkcbRlmY?&', 'Bonner', 'Solomon', 4),
(3034, 'Lynn.Visitacion@edu.ece.fr', '{;3&ywJ]ix', 'Visitacion', 'Lynn', 4),
(3035, 'Merrill.Henrich@edu.ece.fr', '1ajPppa#Cq', 'Henrich', 'Merrill', 4),
(3036, 'Garfield.Mazzariello@edu.ece.fr', 'BI{rKP1y;@', 'Mazzariello', 'Garfield', 4),
(3037, 'Naoma.Ladouceur@edu.ece.fr', 'VGl7KfN3#n', 'Ladouceur', 'Naoma', 4),
(3038, 'Gricelda.Stjames@edu.ece.fr', '/T]RsyPOKp', 'Stjames', 'Gricelda', 4),
(3039, 'Wayne.Cuddy@edu.ece.fr', '@LiZkzrfCu', 'Cuddy', 'Wayne', 4),
(3040, 'Lynn.Luis@edu.ece.fr', 's7Gxh}VE73', 'Luis', 'Lynn', 4),
(3041, 'Dustin.Lavallie@edu.ece.fr', '#G@yMZRN8J', 'Lavallie', 'Dustin', 4),
(3042, 'Major.Ralston@edu.ece.fr', '1/R3/2E5JS', 'Ralston', 'Major', 4),
(3043, 'Ward.Cueto@edu.ece.fr', '9F2K&&Qxci', 'Cueto', 'Ward', 4),
(3044, 'Willian.Horney@edu.ece.fr', 'ihmQJaInOV', 'Horney', 'Willian', 4),
(3045, 'Dillon.Haydon@edu.ece.fr', 'LJ9LwrZ114', 'Haydon', 'Dillon', 4),
(3046, 'Lucien.Harrelson@edu.ece.fr', 'eyDQLY29lX', 'Harrelson', 'Lucien', 4),
(3047, 'Tiesha.Benningfield@edu.ece.fr', 'Eo]gf5P0K/', 'Benningfield', 'Tiesha', 4),
(3048, 'Randal.Engelhard@edu.ece.fr', 'DVQit/YrkK', 'Engelhard', 'Randal', 4),
(3049, 'Marcelino.Sholtis@edu.ece.fr', '[Xl&TOMyNE', 'Sholtis', 'Marcelino', 4),
(3050, 'Elvin.Corrado@edu.ece.fr', 'p!xqe!bS1X', 'Corrado', 'Elvin', 4),
(3051, 'Dante.Giordano@edu.ece.fr', 'QJ#XMu}9OG', 'Giordano', 'Dante', 4),
(3052, 'Scott.Keene@edu.ece.fr', 'wNthC4/WS6', 'Keene', 'Scott', 4),
(3053, 'Del.Harrison@edu.ece.fr', '9nxE;K@h7t', 'Harrison', 'Del', 4),
(3054, 'Cedric.Pina@edu.ece.fr', 'V3kJT]fwsk', 'Pina', 'Cedric', 4),
(3055, 'Hung.Pohlmann@edu.ece.fr', 'm{HBu?{JI;', 'Pohlmann', 'Hung', 4),
(3056, 'Raphael.Guzik@edu.ece.fr', 'GwCQ!DK%hk', 'Guzik', 'Raphael', 4),
(3057, 'Marquerite.Woltz@edu.ece.fr', '^a?8]acu^Z', 'Woltz', 'Marquerite', 4),
(3058, 'Waylon.Billman@edu.ece.fr', 'nJ#g6PN52g', 'Billman', 'Waylon', 4),
(3059, 'Ronald.Wentzell@edu.ece.fr', '05hQN]#Q0T', 'Wentzell', 'Ronald', 4),
(3060, 'Ray.Gramling@edu.ece.fr', 'f;uKup5wDQ', 'Gramling', 'Ray', 4),
(3061, 'Olin.Lechuga@edu.ece.fr', 'j8QtE;MusS', 'Lechuga', 'Olin', 4),
(3062, 'Sal.Schaber@edu.ece.fr', 'bOG3tMkE37', 'Schaber', 'Sal', 4),
(3063, 'Vanda.Ahmad@edu.ece.fr', 'BPMDs]&I#E', 'Ahmad', 'Vanda', 4),
(3064, 'Mary.Keel@edu.ece.fr', 'ir!tJn4j7F', 'Keel', 'Mary', 4),
(3065, 'Rodney.Appleton@edu.ece.fr', '^Kxzy@KGo1', 'Appleton', 'Rodney', 4),
(3066, 'Randall.Vanek@edu.ece.fr', 'kt!0TfnsS2', 'Vanek', 'Randall', 4),
(3067, 'Guadalupe.Minnick@edu.ece.fr', 'sDmPIXi6B[', 'Minnick', 'Guadalupe', 4),
(3068, 'Pedro.Canez@edu.ece.fr', 'L]HJ/uF@I?', 'Canez', 'Pedro', 4),
(3069, 'Dominick.Delzell@edu.ece.fr', '{C%TafqQYO', 'Delzell', 'Dominick', 4),
(3070, 'Boyce.Loza@edu.ece.fr', ']^/#DQ6H/3', 'Loza', 'Boyce', 4),
(3071, 'Francis.Duhaime@edu.ece.fr', 'q^g}O?3}VQ', 'Duhaime', 'Francis', 4),
(3072, 'Na.Reiley@edu.ece.fr', 'z#dp&gEGgr', 'Reiley', 'Na', 4),
(3073, 'Reggie.Tetreault@edu.ece.fr', '44wpszcOci', 'Tetreault', 'Reggie', 4),
(3074, 'Aaron.Sipes@edu.ece.fr', 'z0FS}OEf?3', 'Sipes', 'Aaron', 4),
(3075, 'Gilbert.Dreyer@edu.ece.fr', '@[?Sa1TuzR', 'Dreyer', 'Gilbert', 4),
(3076, 'Garth.Gress@edu.ece.fr', '8Yn&&jCbFW', 'Gress', 'Garth', 4),
(3077, 'Josefina.Millay@edu.ece.fr', 'Kpdm7Vz/;P', 'Millay', 'Josefina', 4),
(3078, 'Melodi.Bucklew@edu.ece.fr', 'siCiVmhs!#', 'Bucklew', 'Melodi', 4),
(3079, 'Ruben.Vogus@edu.ece.fr', 'p3EjWYO&z#', 'Vogus', 'Ruben', 4),
(3080, 'Angel.Ibrahim@edu.ece.fr', '3ez6UmQNkd', 'Ibrahim', 'Angel', 4),
(3081, 'Cordie.Whipkey@edu.ece.fr', 'cU/;pDA@fZ', 'Whipkey', 'Cordie', 4),
(3082, 'Lane.Brass@edu.ece.fr', 'WJ!8EdD#f]', 'Brass', 'Lane', 4),
(3083, 'Vincenza.Perret@edu.ece.fr', 'uGK4eSICBq', 'Perret', 'Vincenza', 4),
(3084, 'Darin.Landen@edu.ece.fr', '6SGXbKd#I[', 'Landen', 'Darin', 4),
(3085, 'Tyrone.Loper@edu.ece.fr', '{d@{F/]erI', 'Loper', 'Tyrone', 4),
(3086, 'Jarred.Fogal@edu.ece.fr', 'zIyJsFFdl!', 'Fogal', 'Jarred', 4),
(3087, 'Dwayne.Flavors@edu.ece.fr', 'ScdFDMY8M9', 'Flavors', 'Dwayne', 4),
(3088, 'Ellis.Ivory@edu.ece.fr', 'kvaAjq15q%', 'Ivory', 'Ellis', 4),
(3089, 'Jim.Haus@edu.ece.fr', '1h{x#Y@ftt', 'Haus', 'Jim', 4),
(3090, 'Claretha.Kellam@edu.ece.fr', 'H&9l2H/r2U', 'Kellam', 'Claretha', 4),
(3091, 'Darron.Santillanes@edu.ece.fr', 'msAgzTVOA5', 'Santillanes', 'Darron', 4),
(3092, 'Ron.Westerberg@edu.ece.fr', '^%{ykA180k', 'Westerberg', 'Ron', 4),
(3093, 'Hal.Demeo@edu.ece.fr', 'tM0uMhiD9w', 'Demeo', 'Hal', 4),
(3094, 'Donald.Southwell@edu.ece.fr', 'oBD195BGQ9', 'Southwell', 'Donald', 4);
INSERT INTO `utilisateur` (`ID`, `Email`, `Password`, `Nom`, `Prenom`, `Droit`) VALUES
(3095, 'Harris.Coan@edu.ece.fr', 'Bnsky/jVeA', 'Coan', 'Harris', 4),
(3096, 'Lon.Graf@edu.ece.fr', 'e7p?!IQoFm', 'Graf', 'Lon', 4),
(3097, 'Norman.Hochstetler@edu.ece.fr', 'qp@Mrz]Upb', 'Hochstetler', 'Norman', 4),
(3098, 'Bibi.Merrigan@edu.ece.fr', 'JTOWy[gjtk', 'Merrigan', 'Bibi', 4),
(3099, 'Raven.Mowers@edu.ece.fr', '4hrok8jRhb', 'Mowers', 'Raven', 4),
(3100, 'Augustus.Toll@edu.ece.fr', 'LiqI4;S0{e', 'Toll', 'Augustus', 4),
(3101, 'Tony.Daffron@edu.ece.fr', 'FVZminDs/r', 'Daffron', 'Tony', 4),
(3102, 'Wilburn.Christina@edu.ece.fr', '#upWIa/f5I', 'Christina', 'Wilburn', 4),
(3103, 'Joe.Sheeler@edu.ece.fr', '?cHr4nffxu', 'Sheeler', 'Joe', 4),
(3104, 'Bud.Lusher@edu.ece.fr', 'bMd4HkXnc/', 'Lusher', 'Bud', 4),
(3105, 'Richard.Nicolay@edu.ece.fr', 'QABoVJRFY3', 'Nicolay', 'Richard', 4),
(3106, 'Sang.Frausto@edu.ece.fr', ']0Yg5Y3dS@', 'Frausto', 'Sang', 4),
(3107, 'Russel.Running@edu.ece.fr', '6[p8d3Su]x', 'Running', 'Russel', 4),
(3108, 'Bruna.Raskin@edu.ece.fr', 'iyREJD8T#a', 'Raskin', 'Bruna', 4),
(3109, 'Clint.Conti@edu.ece.fr', 'aSBvvZea&q', 'Conti', 'Clint', 4),
(3110, 'Adam.Newburn@edu.ece.fr', 'ddprCEJ2%i', 'Newburn', 'Adam', 4),
(3111, 'Houston.Pusey@edu.ece.fr', 'iq[7%Hwi62', 'Pusey', 'Houston', 4),
(3112, 'Tyrell.Ceballos@edu.ece.fr', 'jV&SDfCH/S', 'Ceballos', 'Tyrell', 4),
(3113, 'Lenny.Keller@edu.ece.fr', 'J4DP9i}UXl', 'Keller', 'Lenny', 4),
(3114, 'Rick.Epstein@edu.ece.fr', '0hP#AI@%/s', 'Epstein', 'Rick', 4),
(3115, 'Renaldo.Mysliwiec@edu.ece.fr', '%QG@0SMEz;', 'Mysliwiec', 'Renaldo', 4),
(3116, 'Jordon.Petitt@edu.ece.fr', '5M^ecS1mUd', 'Petitt', 'Jordon', 4),
(3117, 'Scot.Cavaliere@edu.ece.fr', 'XI6Tjd2{/d', 'Cavaliere', 'Scot', 4),
(3118, 'Shonta.Nava@edu.ece.fr', 'v;n/5Meeoh', 'Nava', 'Shonta', 4),
(3119, 'Shayne.Hauer@edu.ece.fr', 'vO6@7I43MU', 'Hauer', 'Shayne', 4),
(3120, 'Taylor.Palacios@edu.ece.fr', '!Wu5z4{8kU', 'Palacios', 'Taylor', 4),
(3121, 'Bobbye.Hollenbeck@edu.ece.fr', 'GwZfjIBh{K', 'Hollenbeck', 'Bobbye', 4),
(3122, 'Billie.Meadows@edu.ece.fr', '[j@cugaA!p', 'Meadows', 'Billie', 4),
(3123, 'Willis.Such@edu.ece.fr', 'Wpg0X/eixZ', 'Such', 'Willis', 4),
(3124, 'Christoper.Luczak@edu.ece.fr', 'P1bIi&pn7!', 'Luczak', 'Christoper', 4),
(3125, 'Noble.Occhipinti@edu.ece.fr', '8md@4FO4KR', 'Occhipinti', 'Noble', 4),
(3126, 'Brent.Abbott@edu.ece.fr', 't2iFgDhZQ&', 'Abbott', 'Brent', 4),
(3127, 'Rodrigo.Parise@edu.ece.fr', 'MywXt1402r', 'Parise', 'Rodrigo', 4),
(3128, 'Frank.Earp@edu.ece.fr', 'TS&%THhEM@', 'Earp', 'Frank', 4),
(3129, 'Enrique.Devers@edu.ece.fr', '{V&vAC[W&R', 'Devers', 'Enrique', 4),
(3130, 'Lianne.Gade@edu.ece.fr', 'OZ^muCV5MS', 'Gade', 'Lianne', 4),
(3131, 'Rich.Glance@edu.ece.fr', 'u5yszC!Cei', 'Glance', 'Rich', 4),
(3132, 'Earnest.Hollowell@edu.ece.fr', 'p{RueOZ!&q', 'Hollowell', 'Earnest', 4),
(3133, 'Max.Piersall@edu.ece.fr', '/G[P#Op7nt', 'Piersall', 'Max', 4),
(3134, 'Marcellus.Kucharski@edu.ece.fr', 'Z#G%9HpDPb', 'Kucharski', 'Marcellus', 4),
(3135, 'Freddy.Haddon@edu.ece.fr', ']6224#VcTE', 'Haddon', 'Freddy', 4),
(3136, 'Maira.Brawn@edu.ece.fr', 'VUzD]lsf4c', 'Brawn', 'Maira', 4),
(3137, 'Sid.Banvelos@edu.ece.fr', 'GtdoH?zm?h', 'Banvelos', 'Sid', 4),
(3138, 'David.Solomon@edu.ece.fr', 'A]tf&#swSw', 'Solomon', 'David', 4),
(3139, 'Dallas.Geronimo@edu.ece.fr', '6dD[Mt&gb7', 'Geronimo', 'Dallas', 4),
(3140, 'Dane.Kimball@edu.ece.fr', 'u4/G9n!g73', 'Kimball', 'Dane', 4),
(3141, 'Winfred.Katz@edu.ece.fr', 'ke6Zxs[zh&', 'Katz', 'Winfred', 4),
(3142, 'Carl.Ackerman@edu.ece.fr', 'b17mgI82Rk', 'Ackerman', 'Carl', 4),
(3143, 'Kent.Cort@edu.ece.fr', 'qV7qAFrUfF', 'Cort', 'Kent', 4),
(3144, 'Awilda.Waldschmidt@edu.ece.fr', 'fDF[g]/ZdH', 'Waldschmidt', 'Awilda', 4),
(3145, 'Mckinley.Sumrell@edu.ece.fr', 'uhpWmwSeKR', 'Sumrell', 'Mckinley', 4),
(3146, 'Alfreda.Delima@edu.ece.fr', 'HM^0[AdAAu', 'Delima', 'Alfreda', 4),
(3147, 'Yong.Howerton@edu.ece.fr', 'owo?TSC6rT', 'Howerton', 'Yong', 4),
(3148, 'Frank.Brandis@edu.ece.fr', 'XKi8P#JT8#', 'Brandis', 'Frank', 4),
(3149, 'Robt.Bunnell@edu.ece.fr', 'bPkU7a5}LI', 'Bunnell', 'Robt', 4),
(3150, 'Rob.Pinney@edu.ece.fr', 'fkK8KCBVzP', 'Pinney', 'Rob', 4),
(3151, 'Diedra.Hedley@edu.ece.fr', '!z6[wFHZHO', 'Hedley', 'Diedra', 4),
(3152, 'Steven.Forde@edu.ece.fr', '&3iKG^P^7r', 'Forde', 'Steven', 4),
(3153, 'Josiah.Creek@edu.ece.fr', 'k7P[Cbo4]!', 'Creek', 'Josiah', 4),
(3154, 'Isaias.Palmquist@edu.ece.fr', 'G]^3gbTd[6', 'Palmquist', 'Isaias', 4),
(3155, 'Maria.Mangus@edu.ece.fr', 'bc3czB[z@6', 'Mangus', 'Maria', 4),
(3156, 'Jasper.Lor@edu.ece.fr', 'Z]JhNR5KOw', 'Lor', 'Jasper', 4),
(3157, 'Ben.Cooley@edu.ece.fr', 'SBM6qQFm8f', 'Cooley', 'Ben', 4),
(3158, 'Elton.Coppock@edu.ece.fr', 'iHipGPT[zS', 'Coppock', 'Elton', 4),
(3159, 'Clay.Brouse@edu.ece.fr', 'Z3yzOX%^j%', 'Brouse', 'Clay', 4),
(3160, 'Ismael.Kelty@edu.ece.fr', 'UT{tU6P[Xc', 'Kelty', 'Ismael', 4),
(3161, 'Marion.Peralto@edu.ece.fr', 'a}F!deG84v', 'Peralto', 'Marion', 4),
(3162, 'Derek.Kaelin@edu.ece.fr', 'YAkAXAiylC', 'Kaelin', 'Derek', 4),
(3163, 'Adam.Cantor@edu.ece.fr', '{V6}!IH}n/', 'Cantor', 'Adam', 4),
(3164, 'Rhett.Brace@edu.ece.fr', 'B!SeGAd7vp', 'Brace', 'Rhett', 4),
(3165, 'Kirby.Philhower@edu.ece.fr', 'utt24T!xPX', 'Philhower', 'Kirby', 4),
(3166, 'Edmund.Guerin@edu.ece.fr', 'Ww^[36^!@e', 'Guerin', 'Edmund', 4),
(3167, 'Gwendolyn.Kulas@edu.ece.fr', '{Jyz5l}FMc', 'Kulas', 'Gwendolyn', 4),
(3168, 'Vern.Grullon@edu.ece.fr', 'MoOg2n0U&f', 'Grullon', 'Vern', 4),
(3169, 'Jacquelyne.Cowles@edu.ece.fr', 'cI2NyH^{Yf', 'Cowles', 'Jacquelyne', 4),
(3170, 'Byron.Lurry@edu.ece.fr', 'XA8pSyHyG;', 'Lurry', 'Byron', 4),
(3171, 'Frank.Laford@edu.ece.fr', 'RMd1jv[Eis', 'Laford', 'Frank', 4),
(3172, 'Christopher.Lamarche@edu.ece.fr', 'w9o2jZKTR@', 'Lamarche', 'Christopher', 4),
(3173, 'Gene.Mcconico@edu.ece.fr', 'nGeph}K@JW', 'Mcconico', 'Gene', 4),
(3174, 'Gabriel.Wess@edu.ece.fr', '2h&!nfzzPE', 'Wess', 'Gabriel', 4),
(3175, 'Alexis.Harton@edu.ece.fr', '#!lKJB}dS!', 'Harton', 'Alexis', 4),
(3176, 'Eldora.Goettl@edu.ece.fr', 'Gst]5@^GR0', 'Goettl', 'Eldora', 4),
(3177, 'Marquis.Huddle@edu.ece.fr', 'Q[0F#TRNjX', 'Huddle', 'Marquis', 4),
(3178, 'Michel.Knee@edu.ece.fr', 'Qqi#8FMgxi', 'Knee', 'Michel', 4),
(3179, 'Jerold.Vallee@edu.ece.fr', '404}DotW9x', 'Vallee', 'Jerold', 4),
(3180, 'Pierre.Ruffin@edu.ece.fr', 'FqR##Ag!is', 'Ruffin', 'Pierre', 4),
(3181, 'Domenic.Przybyla@edu.ece.fr', 'W8Py;kSYjE', 'Przybyla', 'Domenic', 4),
(3182, 'Irving.Tumlin@edu.ece.fr', 'MObbE4/d8D', 'Tumlin', 'Irving', 4),
(3183, 'Barbie.Sarno@edu.ece.fr', 'ZpYT4H3tcW', 'Sarno', 'Barbie', 4),
(3184, 'Camie.Cowley@edu.ece.fr', '4F4!mR0VCd', 'Cowley', 'Camie', 4),
(3185, 'Richie.Caul@edu.ece.fr', '2#6rJr@jUV', 'Caul', 'Richie', 4),
(3186, 'Waldo.Eleby@edu.ece.fr', 'Hp[J]WL1Q8', 'Eleby', 'Waldo', 4),
(3187, 'Colin.Greenwell@edu.ece.fr', 'qbDML?Bf^h', 'Greenwell', 'Colin', 4),
(3188, 'Dante.Mantle@edu.ece.fr', '?6r6Dki2T&', 'Mantle', 'Dante', 4),
(3189, 'Loren.Massenburg@edu.ece.fr', 'OVu;BWHhRT', 'Massenburg', 'Loren', 4),
(3190, 'Ronald.Vallee@edu.ece.fr', 'HezOnH&7K&', 'Vallee', 'Ronald', 4),
(3191, 'Millard.Raggs@edu.ece.fr', 'F49yc28GTG', 'Raggs', 'Millard', 4),
(3192, 'Deandre.Grim@edu.ece.fr', 'H[TALEPnr1', 'Grim', 'Deandre', 4),
(3193, 'Sherman.Massengale@edu.ece.fr', 'WMCA!@JbrF', 'Massengale', 'Sherman', 4),
(3194, 'Ed.Sellner@edu.ece.fr', 'kL}E80NF1C', 'Sellner', 'Ed', 4),
(3195, 'Orval.Odegaard@edu.ece.fr', 'v!XAI%K%SX', 'Odegaard', 'Orval', 4),
(3196, 'Angel.Levey@edu.ece.fr', '4BDoAXqRln', 'Levey', 'Angel', 4),
(3197, 'Joshua.Maggi@edu.ece.fr', 'SZ4avz&EBu', 'Maggi', 'Joshua', 4),
(3198, 'Lindsey.Burgoon@edu.ece.fr', 'bpLCAn2e3f', 'Burgoon', 'Lindsey', 4),
(3199, 'Rubin.Quinton@edu.ece.fr', 'TSk00b[tLf', 'Quinton', 'Rubin', 4),
(3200, 'Natashia.Mcmaster@edu.ece.fr', ']NqOhOB;?Y', 'Mcmaster', 'Natashia', 4),
(3201, 'Gilberto.Negrin@edu.ece.fr', ';99ZlLb%{W', 'Negrin', 'Gilberto', 4),
(3202, 'Emile.Pelham@edu.ece.fr', 'y{BjyPCX]J', 'Pelham', 'Emile', 4),
(3203, 'Rigoberto.Tibbetts@edu.ece.fr', '#eXsZmb;6i', 'Tibbetts', 'Rigoberto', 4),
(3204, 'Garth.Batista@edu.ece.fr', 'p?YbPPHOVp', 'Batista', 'Garth', 4),
(3205, 'Shanice.Keisler@edu.ece.fr', 'iaOg6tFrkj', 'Keisler', 'Shanice', 4),
(3206, 'Asa.Stotz@edu.ece.fr', 'hEsD2I!NU?', 'Stotz', 'Asa', 4),
(3207, 'Samuel.Schwartzman@edu.ece.fr', 'dUl&l3X];s', 'Schwartzman', 'Samuel', 4),
(3208, 'Marsha.Esquivel@edu.ece.fr', '7YM!xmBy1[', 'Esquivel', 'Marsha', 4),
(3209, 'Robby.Tatom@edu.ece.fr', 'f/a%qhFw8e', 'Tatom', 'Robby', 4),
(3210, 'Sonny.Coots@edu.ece.fr', 'ccii/%@]I}', 'Coots', 'Sonny', 4),
(3211, 'Rolland.Spray@edu.ece.fr', '0zPS]Fn&/U', 'Spray', 'Rolland', 4),
(3212, 'Abdul.Reale@edu.ece.fr', 'K@u}lq&zUO', 'Reale', 'Abdul', 4),
(3213, 'Kareem.Witty@edu.ece.fr', 'PJBl}%jv3#', 'Witty', 'Kareem', 4),
(3214, 'Randolph.Applegate@edu.ece.fr', 'wez?3U5UUq', 'Applegate', 'Randolph', 4),
(3215, 'Newton.Marcotte@edu.ece.fr', 'm{6yr7}oir', 'Marcotte', 'Newton', 4),
(3216, 'Alejandro.Bellinger@edu.ece.fr', 'UuFuo#36@&', 'Bellinger', 'Alejandro', 4),
(3217, 'Lewis.Fewell@edu.ece.fr', 'ErxUBBHVHr', 'Fewell', 'Lewis', 4),
(3218, 'Riley.Albarran@edu.ece.fr', 'H7lehQ5#I7', 'Albarran', 'Riley', 4),
(3219, 'Alysa.Masden@edu.ece.fr', '@{thNLZqH7', 'Masden', 'Alysa', 4),
(3220, 'Barbar.Stills@edu.ece.fr', 'DDkogdOC#W', 'Stills', 'Barbar', 4),
(3221, 'Xavier.Trunnell@edu.ece.fr', '?QWoPkU&NX', 'Trunnell', 'Xavier', 4),
(3222, 'Deadra.Behling@edu.ece.fr', 'ui@r/L!%/W', 'Behling', 'Deadra', 4),
(3223, 'Rocco.Hartwick@edu.ece.fr', 'vFFAvUpI6Q', 'Hartwick', 'Rocco', 4),
(3224, 'Omer.Bearce@edu.ece.fr', 'eXRb9O#fBa', 'Bearce', 'Omer', 4),
(3225, 'Curtis.Metzer@edu.ece.fr', 'ix4aHapBmx', 'Metzer', 'Curtis', 4),
(3226, 'Angel.Houseman@edu.ece.fr', '4Q/kJaz[Y1', 'Houseman', 'Angel', 4),
(3227, 'Dick.Kingsley@edu.ece.fr', '!a8h2@@iLW', 'Kingsley', 'Dick', 4),
(3228, 'Mathew.Horvath@edu.ece.fr', '80LZH#TFSC', 'Horvath', 'Mathew', 4),
(3229, 'Noe.Lindenberg@edu.ece.fr', 'Ub7HEmQ&aB', 'Lindenberg', 'Noe', 4),
(3230, 'Rudolf.Buchheit@edu.ece.fr', 'IKFY]/m9ll', 'Buchheit', 'Rudolf', 4),
(3231, 'Willis.Jefferys@edu.ece.fr', 'FTNCRbX64J', 'Jefferys', 'Willis', 4),
(3232, 'Houston.Faller@edu.ece.fr', 'KvoCxJNiLT', 'Faller', 'Houston', 4),
(3233, 'Abe.Eley@edu.ece.fr', '!L9{/^hX]E', 'Eley', 'Abe', 4),
(3234, 'Dalia.Licht@edu.ece.fr', '}{N[0xq2AM', 'Licht', 'Dalia', 4),
(3235, 'Larissa.Long@edu.ece.fr', '&TPfopNEXP', 'Long', 'Larissa', 4),
(3236, 'Jerome.Barrera@edu.ece.fr', 'K1wk7LzhZv', 'Barrera', 'Jerome', 4),
(3237, 'Melanie.Sage@edu.ece.fr', 'iepPiw9%Xt', 'Sage', 'Melanie', 4),
(3238, 'Ignacio.Guitierrez@edu.ece.fr', 'Q2u1SylPqj', 'Guitierrez', 'Ignacio', 4),
(3239, 'Alec.Waddy@edu.ece.fr', 'WdT2&Q#8]J', 'Waddy', 'Alec', 4),
(3240, 'Erik.Hannold@edu.ece.fr', '6MoYuEhTYm', 'Hannold', 'Erik', 4),
(3241, 'Will.Trojacek@edu.ece.fr', 'm@z[uDY?F!', 'Trojacek', 'Will', 4),
(3242, 'Gregory.Martens@edu.ece.fr', '4%gb%yVB#P', 'Martens', 'Gregory', 4),
(3243, 'Will.Frison@edu.ece.fr', '9t1vw?HG&E', 'Frison', 'Will', 4),
(3244, 'Randell.Moores@edu.ece.fr', 'J^2]#GEqzN', 'Moores', 'Randell', 4),
(3245, 'Alyce.Grinstead@edu.ece.fr', '6TaD8vcR{b', 'Grinstead', 'Alyce', 4),
(3246, 'Andres.Nieves@edu.ece.fr', 'gWJYm!]vVy', 'Nieves', 'Andres', 4),
(3247, 'Milan.Reasons@edu.ece.fr', 'DrE&V1qlwZ', 'Reasons', 'Milan', 4),
(3248, 'Normand.Pando@edu.ece.fr', 'YZRFKO&gNe', 'Pando', 'Normand', 4),
(3249, 'Carey.Keitt@edu.ece.fr', ']jB9%6sYtN', 'Keitt', 'Carey', 4),
(3250, 'Ron.Raber@edu.ece.fr', 'a3Z17l#^gI', 'Raber', 'Ron', 4),
(3251, 'Bernie.Thacker@edu.ece.fr', 'v^34KcypJM', 'Thacker', 'Bernie', 4),
(3252, 'Mikki.Younkin@edu.ece.fr', '4mTv9lW%%Z', 'Younkin', 'Mikki', 4),
(3253, 'Ashlie.Philhower@edu.ece.fr', 'nmGg8v^0/W', 'Philhower', 'Ashlie', 2),
(3254, 'Renita.Swanner@edu.ece.fr', 'gNcg@r}hID', 'Swanner', 'Renita', 2),
(3255, 'Roderick.Hovis@edu.ece.fr', 'T}sRV/k6yz', 'Hovis', 'Roderick', 2),
(3256, 'Gavin.Lahman@edu.ece.fr', 'e6XiZ[bY41', 'Lahman', 'Gavin', 2),
(3257, 'Randy.Tuma@edu.ece.fr', 'IG2nkpEPAD', 'Tuma', 'Randy', 2),
(3258, 'Gerardo.Flecha@edu.ece.fr', 'j}iqatPwXs', 'Flecha', 'Gerardo', 2),
(3259, 'Carmine.Frates@edu.ece.fr', 'ZwmZH51?D9', 'Frates', 'Carmine', 2),
(3260, 'Juliane.Merlin@edu.ece.fr', '7dqdtCFfO@', 'Merlin', 'Juliane', 2),
(3261, 'Ressie.Strain@edu.ece.fr', ';rPquCcBnf', 'Strain', 'Ressie', 2),
(3262, 'Kimbery.Declue@edu.ece.fr', 'aNGt^CV!FI', 'Declue', 'Kimbery', 2),
(3263, 'Grady.Maselli@edu.ece.fr', 'tmxP5&Uw7Y', 'Maselli', 'Grady', 2),
(3264, 'Maricela.Aslinger@edu.ece.fr', '4FFw;{^hs]', 'Aslinger', 'Maricela', 2),
(3265, 'Cameron.Corle@edu.ece.fr', 'BzAV1nbksa', 'Corle', 'Cameron', 2),
(3266, 'Marquis.Dunkin@edu.ece.fr', 'Io@qIRMm8O', 'Dunkin', 'Marquis', 2),
(3267, 'Jamison.Wilkin@edu.ece.fr', '6B{f&;xeLC', 'Wilkin', 'Jamison', 2),
(3268, 'Dawn.Penick@edu.ece.fr', 'g]Dr{7Dim0', 'Penick', 'Dawn', 2),
(3269, 'Laurette.Pilkington@edu.ece.fr', ';tT8Q#K9w/', 'Pilkington', 'Laurette', 2),
(3270, 'Derek.Pangburn@edu.ece.fr', '0[I2wtej5m', 'Pangburn', 'Derek', 2),
(3271, 'Mandie.Smolen@edu.ece.fr', '?jNap^;?FO', 'Smolen', 'Mandie', 2),
(3272, 'Gertude.Mercurio@edu.ece.fr', '6HjnYrtAZM', 'Mercurio', 'Gertude', 2),
(3273, 'Chloe.Halko@edu.ece.fr', 'CAOQUcV%pb', 'Halko', 'Chloe', 3),
(3274, 'Mamie.Lambros@edu.ece.fr', '91VIO0FOY3', 'Lambros', 'Mamie', 3),
(3275, 'Colby.Hippler@edu.ece.fr', 'f1bQLE1XDN', 'Hippler', 'Colby', 3),
(3276, 'Marcelo.Gastelum@edu.ece.fr', 'J{zjUOaFZM', 'Gastelum', 'Marcelo', 3),
(3277, 'Clarissa.Korando@edu.ece.fr', 'MPS!ryNeDK', 'Korando', 'Clarissa', 3),
(3278, 'Jacelyn.Haycock@edu.ece.fr', 'DAqIrwzRp@', 'Haycock', 'Jacelyn', 3),
(3279, 'Rubin.Raymond@edu.ece.fr', '3oVxq@7gJU', 'Raymond', 'Rubin', 3),
(3280, 'Delicia.Pullman@edu.ece.fr', 'S[/jznuCRQ', 'Pullman', 'Delicia', 3),
(3281, 'Glenn.Hackbarth@edu.ece.fr', 'A6XL9/zowd', 'Hackbarth', 'Glenn', 3),
(3282, 'Belinda.Jenkinson@edu.ece.fr', 'OrKOBmTC5r', 'Jenkinson', 'Belinda', 3),
(3283, 'Terrence.Astorga@edu.ece.fr', '^H5lX{}Wn1', 'Astorga', 'Terrence', 3),
(3284, 'Cathey.Granderson@edu.ece.fr', 'WoU]K%RrAz', 'Granderson', 'Cathey', 3),
(3285, 'Hortencia.Desmarais@edu.ece.fr', 'QAv7krVMC^', 'Desmarais', 'Hortencia', 3),
(3286, 'Nannette.Whitehurst@edu.ece.fr', 'xAB{z;}ukg', 'Whitehurst', 'Nannette', 3),
(3287, 'Jonas.Buch@edu.ece.fr', 'yRxWlHTkus', 'Buch', 'Jonas', 3),
(3288, 'Susana.Schulenberg@edu.ece.fr', 'hznFUmzILW', 'Schulenberg', 'Susana', 3),
(3289, 'Adolfo.Brundige@edu.ece.fr', 'uB^Vn8OXfm', 'Brundige', 'Adolfo', 3),
(3290, 'Antonetta.Fahy@edu.ece.fr', '16EcBCtca4', 'Fahy', 'Antonetta', 3),
(3291, 'Stewart.Corbett@edu.ece.fr', 'd![u#t#u!W', 'Corbett', 'Stewart', 3),
(3292, 'Dominque.Chi@edu.ece.fr', 'pHw3vwegJy', 'Chi', 'Dominque', 3),
(3293, 'Deja.Ogan@edu.ece.fr', '&?Ob}qb6]W', 'Ogan', 'Deja', 3),
(3294, 'Twila.Lisa@edu.ece.fr', 'rQGH#kmOuv', 'Lisa', 'Twila', 3),
(3295, 'Cecil.Rawlins@edu.ece.fr', 'wcG{OM?PXm', 'Rawlins', 'Cecil', 3),
(3296, 'Dominick.Nolasco@edu.ece.fr', 'igx2sePaVb', 'Nolasco', 'Dominick', 3),
(3297, 'Cristopher.Sumlin@edu.ece.fr', 'djiye0O]m6', 'Sumlin', 'Cristopher', 3),
(3298, 'Kim.Kirschner@edu.ece.fr', '[TMsFlEEL!', 'Kirschner', 'Kim', 3),
(3299, 'Angelena.Martina@edu.ece.fr', 'ckg0;Ci98E', 'Martina', 'Angelena', 3),
(3300, 'Elli.Eisenmann@edu.ece.fr', 'L!J?X&9Z3T', 'Eisenmann', 'Elli', 3),
(3301, 'Annemarie.Fimbres@edu.ece.fr', '3&Ykh4mV1y', 'Fimbres', 'Annemarie', 3),
(3302, 'Katrina.Barraza@edu.ece.fr', 'FxEWu6n?}7', 'Barraza', 'Katrina', 3),
(3303, 'Azalee.Bubb@edu.ece.fr', '9xsvU24}t}', 'Bubb', 'Azalee', 3),
(3304, 'Winfred.Laman@edu.ece.fr', '/7Od[h%Yn6', 'Laman', 'Winfred', 3),
(3305, 'Arnoldo.Delrosario@edu.ece.fr', 'TKwP#^6Nm8', 'Delrosario', 'Arnoldo', 3),
(3306, 'Lucien.Schultheis@edu.ece.fr', 'aktUO5kejH', 'Schultheis', 'Lucien', 3),
(3307, 'Ola.Meaders@edu.ece.fr', 'qaCQq7SM7k', 'Meaders', 'Ola', 3),
(3308, 'Nora.Waggener@edu.ece.fr', 'aQ0ir2jB#j', 'Waggener', 'Nora', 3),
(3309, 'Lekisha.Amar@edu.ece.fr', 'g03XkXRDlh', 'Amar', 'Lekisha', 3),
(3310, 'Son.Rowlette@edu.ece.fr', 'n826Jhf6j9', 'Rowlette', 'Son', 3),
(3311, 'Morgan.Dials@edu.ece.fr', 'AMUSIYzE2;', 'Dials', 'Morgan', 3),
(3312, 'Jacqui.Janelle@edu.ece.fr', 'z^Xdk7!T{j', 'Janelle', 'Jacqui', 3),
(3313, 'Coleman.Covington@edu.ece.fr', 'LItzAmE{R4', 'Covington', 'Coleman', 3),
(3314, 'Zachariah.Smoot@edu.ece.fr', 'ODkxm!kQ5q', 'Smoot', 'Zachariah', 3),
(3315, 'Dee.Hedlund@edu.ece.fr', '6Bx2jVB/[e', 'Hedlund', 'Dee', 3),
(3316, 'Sanjuanita.Ruddy@edu.ece.fr', 'qkN&kabL9C', 'Ruddy', 'Sanjuanita', 3),
(3317, 'Tashina.Hornberger@edu.ece.fr', 'kd}B8pkX;Q', 'Hornberger', 'Tashina', 3),
(3318, 'Harley.Schlesinger@edu.ece.fr', '#}Wc]YPqZv', 'Schlesinger', 'Harley', 3),
(3319, 'Evalyn.Rushford@edu.ece.fr', 'qf75PaQd7j', 'Rushford', 'Evalyn', 3),
(3320, 'Alec.Daniele@edu.ece.fr', 'rg4nRz/p/}', 'Daniele', 'Alec', 3),
(3321, 'Roberto.Womble@edu.ece.fr', 'Dr4Q82XrtT', 'Womble', 'Roberto', 3),
(3322, 'Virgil.Alm@edu.ece.fr', 'ogG6/oYs5H', 'Alm', 'Virgil', 3),
(3323, 'Basil.Deem@edu.ece.fr', 'S1xiojYAfl', 'Deem', 'Basil', 3),
(3324, 'Obdulia.Demartini@edu.ece.fr', 'M7]g^liY#h', 'Demartini', 'Obdulia', 3),
(3325, 'Luetta.Harvey@edu.ece.fr', 'ErOO4o[x5S', 'Harvey', 'Luetta', 3),
(3326, 'Carissa.Hadaway@edu.ece.fr', 'Tn%J}i];o&', 'Hadaway', 'Carissa', 3),
(3327, 'Hans.Besse@edu.ece.fr', '9XvVZVWP3/', 'Besse', 'Hans', 3),
(3328, 'Vi.Buresh@edu.ece.fr', '[AB[}daql[', 'Buresh', 'Vi', 3),
(3329, 'Ben.Bohannan@edu.ece.fr', 'r5wnzoFKad', 'Bohannan', 'Ben', 3),
(3330, 'Boris.Ruvolo@edu.ece.fr', 'M&{1Tj%f]K', 'Ruvolo', 'Boris', 3),
(3331, 'Ray.Vantassell@edu.ece.fr', 'Cml#uJ]pca', 'Vantassell', 'Ray', 3),
(3332, 'Herbert.Steil@edu.ece.fr', 'p}CuA7mufk', 'Steil', 'Herbert', 3);
COMMIT;

/*!40101 SET CHARACTER_SET_CLIENT=@OLD_CHARACTER_SET_CLIENT */;
/*!40101 SET CHARACTER_SET_RESULTS=@OLD_CHARACTER_SET_RESULTS */;
/*!40101 SET COLLATION_CONNECTION=@OLD_COLLATION_CONNECTION */;
